,starter_name,target_name,filename,generations,processed,starter_smiles,target_smiles,starter_id,target_id
0,pyruvate,2mg,ccm_v0_to_2mg_gen_2_tan_sample_1_n_samples_1000,2,True,CC(=O)C(=O)O,C=C(CCC(=O)O)C(=O)O,Cf7e036e330ad26caa66bb458faad18fa684af921,Tec77ea281f69ca989bbef0a4c7794128a196c716
1,2mg,mvacid,2mg_to_mvacid_gen_2_tan_sample_1_n_samples_1000,2,True,C=C(CCC(=O)O)C(=O)O,C=C(CCCO)C(=O)O,Cec77ea281f69ca989bbef0a4c7794128a196c716,T6ec1611229ff4fc7a19244967c7716266fc021a1
2,succinate,2mg,ccm_v0_to_2mg_gen_2_tan_sample_1_n_samples_1000,2,True,O=C(O)CCC(=O)O,C=C(CCC(=O)O)C(=O)O,C4fe83a533b208e245e45b74e0967d7b8e9aad361,Tec77ea281f69ca989bbef0a4c7794128a196c716
3,oxaloacetate,2mg,ccm_v0_to_2mg_gen_2_tan_sample_1_n_samples_1000,2,True,O=C(O)CC(=O)C(=O)O,C=C(CCC(=O)O)C(=O)O,C086e98dbf2ac460c91ac1a991badef07eb497a72,Tec77ea281f69ca989bbef0a4c7794128a196c716
4,citrate,2mg,ccm_v0_to_2mg_gen_2_tan_sample_1_n_samples_1000,2,True,O=C(O)CC(O)(CC(=O)O)C(=O)O,C=C(CCC(=O)O)C(=O)O,C7846bd0a566d52f5c266777c7322ec392a887a5d,Tec77ea281f69ca989bbef0a4c7794128a196c716
5,acetate,2mg,ccm_v0_to_2mg_gen_2_tan_sample_1_n_samples_1000,2,True,CC(=O)O,C=C(CCC(=O)O)C(=O)O,C69bd7ab90d3f972909c038af169917ec6eb194ea,Tec77ea281f69ca989bbef0a4c7794128a196c716
6,malate,2mg,ccm_v0_to_2mg_gen_2_tan_sample_1_n_samples_1000,2,True,O=C(O)CC(O)C(=O)O,C=C(CCC(=O)O)C(=O)O,Cc522b49cc542f782eb7779a6c90ac1a255334bfa,Tec77ea281f69ca989bbef0a4c7794128a196c716
7,fumarate,2mg,ccm_v0_to_2mg_gen_2_tan_sample_1_n_samples_1000,2,True,O=C(O)C=CC(=O)O,C=C(CCC(=O)O)C(=O)O,Cd2c8451fbe5563b9a086b59c26af17772205613a,Tec77ea281f69ca989bbef0a4c7794128a196c716
8,alpha_ketoglutarate,hopa,alpha_ketoglutarate_to_hopa_gen_2_tan_sample_0_n_samples_1000,2,True,O=C(O)CCC(=O)C(=O)O,O=C(O)C(=O)CCCO,Ce264bf1bbd482e436995855afdf2170ce7229f1d,Tcfd59a5a3ad7c94a82bd1166ab840bbd3845b24a
9,valine,pivalic_acid,amino_acids_to_bottle_targets_24_gen_3_tan_sample_1_n_samples_1000_rules_JN3604IMT_rules,3,True,CC(C)C(N)C(=O)O,CC(C)(CO)C(=O)O,C2c0fd88a16e4b0a0e7eb28210b991db433f6ed60,Ta44a84be6f833fe631009a55d05e4807de958fe0
10,valine,methyl_butane_diol,amino_acids_to_bottle_targets_24_gen_3_tan_sample_1_n_samples_1000_rules_JN3604IMT_rules,3,True,CC(C)C(N)C(=O)O,CC(O)C(C)(C)O,C2c0fd88a16e4b0a0e7eb28210b991db433f6ed60,T0f5655c6e1c28d7fd45b11b1375f029fb926af29
11,succinate,dipropyl,ccm_v0_to_bottle_targets_24_gen_3_tan_sample_1_n_samples_1000_rules_JN3604IMT_rules,3,True,O=C(O)CCC(=O)O,CCCC(O)(CCC)C(=O)O,C4fe83a533b208e245e45b74e0967d7b8e9aad361,T6a58e311af73ef9829b52bf0ce73be12a42805d9
12,succinate,gem_dimethyl,ccm_v0_to_bottle_targets_24_gen_3_tan_sample_1_n_samples_1000_rules_JN3604IMT_rules,3,True,O=C(O)CCC(=O)O,CC(O)C(C)(C)C(=O)O,C4fe83a533b208e245e45b74e0967d7b8e9aad361,Tc2274a1b151121868789bd03eb37b9c4065ef3d1
13,"3-Hydroxy-2,2-dimethylpropanoic acid(3HPA)","3-Hydroxy-2,2-dimethylbutanoic acid(DMHB)",3HPA_to_DMHB_gen_3_tan_sample_0_n_samples_1000,3,True,CC(C)(CO)C(=O)O,CC(O)C(C)(C)C(=O)O,Ca44a84be6f833fe631009a55d05e4807de958fe0,Tc2274a1b151121868789bd03eb37b9c4065ef3d1
14,succinate,methyl_butane_diol,ccm_v0_to_bottle_targets_24_gen_3_tan_sample_1_n_samples_1000_rules_JN3604IMT_rules,3,True,O=C(O)CCC(=O)O,CC(O)C(C)(C)O,C4fe83a533b208e245e45b74e0967d7b8e9aad361,T0f5655c6e1c28d7fd45b11b1375f029fb926af29
15,oxaloacetate,dipropyl,ccm_v0_to_bottle_targets_24_gen_3_tan_sample_1_n_samples_1000_rules_JN3604IMT_rules,3,True,O=C(O)CC(=O)C(=O)O,CCCC(O)(CCC)C(=O)O,C086e98dbf2ac460c91ac1a991badef07eb497a72,T6a58e311af73ef9829b52bf0ce73be12a42805d9
16,oxaloacetate,gem_dimethyl,ccm_v0_to_bottle_targets_24_gen_3_tan_sample_1_n_samples_1000_rules_JN3604IMT_rules,3,True,O=C(O)CC(=O)C(=O)O,CC(O)C(C)(C)C(=O)O,C086e98dbf2ac460c91ac1a991badef07eb497a72,Tc2274a1b151121868789bd03eb37b9c4065ef3d1
17,oxaloacetate,pivalic_acid,ccm_v0_to_bottle_targets_24_gen_3_tan_sample_1_n_samples_1000_rules_JN3604IMT_rules,3,True,O=C(O)CC(=O)C(=O)O,CC(C)(CO)C(=O)O,C086e98dbf2ac460c91ac1a991badef07eb497a72,Ta44a84be6f833fe631009a55d05e4807de958fe0
18,succinate,pivalic_acid,ccm_v0_to_bottle_targets_24_gen_3_tan_sample_1_n_samples_1000_rules_JN3604IMT_rules,3,True,O=C(O)CCC(=O)O,CC(C)(CO)C(=O)O,C4fe83a533b208e245e45b74e0967d7b8e9aad361,Ta44a84be6f833fe631009a55d05e4807de958fe0
19,valine,gem_dimethyl,amino_acids_to_bottle_targets_24_gen_3_tan_sample_1_n_samples_1000_rules_JN3604IMT_rules,3,True,CC(C)C(N)C(=O)O,CC(O)C(C)(C)C(=O)O,C2c0fd88a16e4b0a0e7eb28210b991db433f6ed60,Tc2274a1b151121868789bd03eb37b9c4065ef3d1
20,cysteine,dipropyl,amino_acids_to_bottle_targets_24_gen_3_tan_sample_1_n_samples_1000_rules_JN3604IMT_rules,3,True,NC(CS)C(=O)O,CCCC(O)(CCC)C(=O)O,Ce05a63be50137c094d61a4b4a198659d78b4c589,T6a58e311af73ef9829b52bf0ce73be12a42805d9
21,cysteine,methyl_butane_diol,amino_acids_to_bottle_targets_24_gen_3_tan_sample_1_n_samples_1000_rules_JN3604IMT_rules,3,True,NC(CS)C(=O)O,CC(O)C(C)(C)O,Ce05a63be50137c094d61a4b4a198659d78b4c589,T0f5655c6e1c28d7fd45b11b1375f029fb926af29
22,cysteine,pivalic_acid,amino_acids_to_bottle_targets_24_gen_3_tan_sample_1_n_samples_1000_rules_JN3604IMT_rules,3,True,NC(CS)C(=O)O,CC(C)(CO)C(=O)O,Ce05a63be50137c094d61a4b4a198659d78b4c589,Ta44a84be6f833fe631009a55d05e4807de958fe0
23,cysteine,gem_dimethyl,amino_acids_to_bottle_targets_24_gen_3_tan_sample_1_n_samples_1000_rules_JN3604IMT_rules,3,True,NC(CS)C(=O)O,CC(O)C(C)(C)C(=O)O,Ce05a63be50137c094d61a4b4a198659d78b4c589,Tc2274a1b151121868789bd03eb37b9c4065ef3d1
24,oxaloacetate,methyl_butane_diol,ccm_v0_to_bottle_targets_24_gen_3_tan_sample_1_n_samples_1000_rules_JN3604IMT_rules,3,True,O=C(O)CC(=O)C(=O)O,CC(O)C(C)(C)O,C086e98dbf2ac460c91ac1a991badef07eb497a72,T0f5655c6e1c28d7fd45b11b1375f029fb926af29
25,serine,methyl_butane_diol,amino_acids_to_bottle_targets_24_gen_3_tan_sample_1_n_samples_1000_rules_JN3604IMT_rules,3,True,NC(CO)C(=O)O,CC(O)C(C)(C)O,C431e48c1facac282544763f27164fac94c2801c6,T0f5655c6e1c28d7fd45b11b1375f029fb926af29
26,serine,pivalic_acid,amino_acids_to_bottle_targets_24_gen_3_tan_sample_1_n_samples_1000_rules_JN3604IMT_rules,3,True,NC(CO)C(=O)O,CC(C)(CO)C(=O)O,C431e48c1facac282544763f27164fac94c2801c6,Ta44a84be6f833fe631009a55d05e4807de958fe0
27,serine,gem_dimethyl,amino_acids_to_bottle_targets_24_gen_3_tan_sample_1_n_samples_1000_rules_JN3604IMT_rules,3,True,NC(CO)C(=O)O,CC(O)C(C)(C)C(=O)O,C431e48c1facac282544763f27164fac94c2801c6,Tc2274a1b151121868789bd03eb37b9c4065ef3d1
28,serine,dipropyl,amino_acids_to_bottle_targets_24_gen_3_tan_sample_1_n_samples_1000_rules_JN3604IMT_rules,3,True,NC(CO)C(=O)O,CCCC(O)(CCC)C(=O)O,C431e48c1facac282544763f27164fac94c2801c6,T6a58e311af73ef9829b52bf0ce73be12a42805d9
29,tryptophan,methyl_butane_diol,amino_acids_to_bottle_targets_24_gen_3_tan_sample_1_n_samples_1000_rules_JN3604IMT_rules,3,True,NC(Cc1c[nH]c2ccccc12)C(=O)O,CC(O)C(C)(C)O,C74926ad4fc893fa7aacbb6f409fdf72fdc1c2c35,T0f5655c6e1c28d7fd45b11b1375f029fb926af29
30,tryptophan,pivalic_acid,amino_acids_to_bottle_targets_24_gen_3_tan_sample_1_n_samples_1000_rules_JN3604IMT_rules,3,True,NC(Cc1c[nH]c2ccccc12)C(=O)O,CC(C)(CO)C(=O)O,C74926ad4fc893fa7aacbb6f409fdf72fdc1c2c35,Ta44a84be6f833fe631009a55d05e4807de958fe0
31,tryptophan,gem_dimethyl,amino_acids_to_bottle_targets_24_gen_3_tan_sample_1_n_samples_1000_rules_JN3604IMT_rules,3,True,NC(Cc1c[nH]c2ccccc12)C(=O)O,CC(O)C(C)(C)C(=O)O,C74926ad4fc893fa7aacbb6f409fdf72fdc1c2c35,Tc2274a1b151121868789bd03eb37b9c4065ef3d1
32,valine,dipropyl,amino_acids_to_bottle_targets_24_gen_3_tan_sample_1_n_samples_1000_rules_JN3604IMT_rules,3,True,CC(C)C(N)C(=O)O,CCCC(O)(CCC)C(=O)O,C2c0fd88a16e4b0a0e7eb28210b991db433f6ed60,T6a58e311af73ef9829b52bf0ce73be12a42805d9
33,citrate,dipropyl,ccm_v0_to_bottle_targets_24_gen_3_tan_sample_1_n_samples_1000_rules_JN3604IMT_rules,3,True,O=C(O)CC(O)(CC(=O)O)C(=O)O,CCCC(O)(CCC)C(=O)O,C7846bd0a566d52f5c266777c7322ec392a887a5d,T6a58e311af73ef9829b52bf0ce73be12a42805d9
34,acetate,gem_dimethyl,ccm_v0_to_bottle_targets_24_gen_3_tan_sample_1_n_samples_1000_rules_JN3604IMT_rules,3,True,CC(=O)O,CC(O)C(C)(C)C(=O)O,C69bd7ab90d3f972909c038af169917ec6eb194ea,Tc2274a1b151121868789bd03eb37b9c4065ef3d1
35,citrate,pivalic_acid,ccm_v0_to_bottle_targets_24_gen_3_tan_sample_1_n_samples_1000_rules_JN3604IMT_rules,3,True,O=C(O)CC(O)(CC(=O)O)C(=O)O,CC(C)(CO)C(=O)O,C7846bd0a566d52f5c266777c7322ec392a887a5d,Ta44a84be6f833fe631009a55d05e4807de958fe0
36,pyruvate,mvacid,ccm_v0_to_mvacid_gen_3_tan_sample_1_n_samples_1000,3,True,CC(=O)C(=O)O,C=C(CCCO)C(=O)O,Cf7e036e330ad26caa66bb458faad18fa684af921,T6ec1611229ff4fc7a19244967c7716266fc021a1
37,fumarate,mvacid,ccm_v0_to_mvacid_gen_3_tan_sample_1_n_samples_1000,3,True,O=C(O)C=CC(=O)O,C=C(CCCO)C(=O)O,Cd2c8451fbe5563b9a086b59c26af17772205613a,T6ec1611229ff4fc7a19244967c7716266fc021a1
38,acetate,mvacid,ccm_v0_to_mvacid_gen_3_tan_sample_1_n_samples_1000,3,True,CC(=O)O,C=C(CCCO)C(=O)O,C69bd7ab90d3f972909c038af169917ec6eb194ea,T6ec1611229ff4fc7a19244967c7716266fc021a1
39,citrate,mvacid,ccm_v0_to_mvacid_gen_3_tan_sample_1_n_samples_1000,3,True,O=C(O)CC(O)(CC(=O)O)C(=O)O,C=C(CCCO)C(=O)O,C7846bd0a566d52f5c266777c7322ec392a887a5d,T6ec1611229ff4fc7a19244967c7716266fc021a1
40,oxaloacetate,mvacid,ccm_v0_to_mvacid_gen_3_tan_sample_1_n_samples_1000,3,True,O=C(O)CC(=O)C(=O)O,C=C(CCCO)C(=O)O,C086e98dbf2ac460c91ac1a991badef07eb497a72,T6ec1611229ff4fc7a19244967c7716266fc021a1
41,succinate,mvacid,ccm_v0_to_mvacid_gen_3_tan_sample_1_n_samples_1000,3,True,O=C(O)CCC(=O)O,C=C(CCCO)C(=O)O,C4fe83a533b208e245e45b74e0967d7b8e9aad361,T6ec1611229ff4fc7a19244967c7716266fc021a1
42,succinate,hopa,ccm_v0_to_hopa_gen_3_tan_sample_1_n_samples_1000,3,True,O=C(O)CCC(=O)O,O=C(O)C(=O)CCCO,C4fe83a533b208e245e45b74e0967d7b8e9aad361,Tcfd59a5a3ad7c94a82bd1166ab840bbd3845b24a
43,pyruvate,methyl_butane_diol,ccm_v0_to_bottle_targets_24_gen_3_tan_sample_1_n_samples_1000_rules_JN3604IMT_rules,3,True,CC(=O)C(=O)O,CC(O)C(C)(C)O,Cf7e036e330ad26caa66bb458faad18fa684af921,T0f5655c6e1c28d7fd45b11b1375f029fb926af29
44,pyruvate,pivalic_acid,ccm_v0_to_bottle_targets_24_gen_3_tan_sample_1_n_samples_1000_rules_JN3604IMT_rules,3,True,CC(=O)C(=O)O,CC(C)(CO)C(=O)O,Cf7e036e330ad26caa66bb458faad18fa684af921,Ta44a84be6f833fe631009a55d05e4807de958fe0
45,pyruvate,gem_dimethyl,ccm_v0_to_bottle_targets_24_gen_3_tan_sample_1_n_samples_1000_rules_JN3604IMT_rules,3,True,CC(=O)C(=O)O,CC(O)C(C)(C)C(=O)O,Cf7e036e330ad26caa66bb458faad18fa684af921,Tc2274a1b151121868789bd03eb37b9c4065ef3d1
46,pyruvate,dipropyl,ccm_v0_to_bottle_targets_24_gen_3_tan_sample_1_n_samples_1000_rules_JN3604IMT_rules,3,True,CC(=O)C(=O)O,CCCC(O)(CCC)C(=O)O,Cf7e036e330ad26caa66bb458faad18fa684af921,T6a58e311af73ef9829b52bf0ce73be12a42805d9
47,citrate,gem_dimethyl,ccm_v0_to_bottle_targets_24_gen_3_tan_sample_1_n_samples_1000_rules_JN3604IMT_rules,3,True,O=C(O)CC(O)(CC(=O)O)C(=O)O,CC(O)C(C)(C)C(=O)O,C7846bd0a566d52f5c266777c7322ec392a887a5d,Tc2274a1b151121868789bd03eb37b9c4065ef3d1
48,fumarate,methyl_butane_diol,ccm_v0_to_bottle_targets_24_gen_3_tan_sample_1_n_samples_1000_rules_JN3604IMT_rules,3,True,O=C(O)C=CC(=O)O,CC(O)C(C)(C)O,Cd2c8451fbe5563b9a086b59c26af17772205613a,T0f5655c6e1c28d7fd45b11b1375f029fb926af29
49,fumarate,gem_dimethyl,ccm_v0_to_bottle_targets_24_gen_3_tan_sample_1_n_samples_1000_rules_JN3604IMT_rules,3,True,O=C(O)C=CC(=O)O,CC(O)C(C)(C)C(=O)O,Cd2c8451fbe5563b9a086b59c26af17772205613a,Tc2274a1b151121868789bd03eb37b9c4065ef3d1
50,fumarate,dipropyl,ccm_v0_to_bottle_targets_24_gen_3_tan_sample_1_n_samples_1000_rules_JN3604IMT_rules,3,True,O=C(O)C=CC(=O)O,CCCC(O)(CCC)C(=O)O,Cd2c8451fbe5563b9a086b59c26af17772205613a,T6a58e311af73ef9829b52bf0ce73be12a42805d9
51,malate,methyl_butane_diol,ccm_v0_to_bottle_targets_24_gen_3_tan_sample_1_n_samples_1000_rules_JN3604IMT_rules,3,True,O=C(O)CC(O)C(=O)O,CC(O)C(C)(C)O,Cc522b49cc542f782eb7779a6c90ac1a255334bfa,T0f5655c6e1c28d7fd45b11b1375f029fb926af29
52,malate,pivalic_acid,ccm_v0_to_bottle_targets_24_gen_3_tan_sample_1_n_samples_1000_rules_JN3604IMT_rules,3,True,O=C(O)CC(O)C(=O)O,CC(C)(CO)C(=O)O,Cc522b49cc542f782eb7779a6c90ac1a255334bfa,Ta44a84be6f833fe631009a55d05e4807de958fe0
53,malate,gem_dimethyl,ccm_v0_to_bottle_targets_24_gen_3_tan_sample_1_n_samples_1000_rules_JN3604IMT_rules,3,True,O=C(O)CC(O)C(=O)O,CC(O)C(C)(C)C(=O)O,Cc522b49cc542f782eb7779a6c90ac1a255334bfa,Tc2274a1b151121868789bd03eb37b9c4065ef3d1
54,malate,dipropyl,ccm_v0_to_bottle_targets_24_gen_3_tan_sample_1_n_samples_1000_rules_JN3604IMT_rules,3,True,O=C(O)CC(O)C(=O)O,CCCC(O)(CCC)C(=O)O,Cc522b49cc542f782eb7779a6c90ac1a255334bfa,T6a58e311af73ef9829b52bf0ce73be12a42805d9
55,acetate,methyl_butane_diol,ccm_v0_to_bottle_targets_24_gen_3_tan_sample_1_n_samples_1000_rules_JN3604IMT_rules,3,True,CC(=O)O,CC(O)C(C)(C)O,C69bd7ab90d3f972909c038af169917ec6eb194ea,T0f5655c6e1c28d7fd45b11b1375f029fb926af29
56,acetate,pivalic_acid,ccm_v0_to_bottle_targets_24_gen_3_tan_sample_1_n_samples_1000_rules_JN3604IMT_rules,3,True,CC(=O)O,CC(C)(CO)C(=O)O,C69bd7ab90d3f972909c038af169917ec6eb194ea,Ta44a84be6f833fe631009a55d05e4807de958fe0
57,tryptophan,dipropyl,amino_acids_to_bottle_targets_24_gen_3_tan_sample_1_n_samples_1000_rules_JN3604IMT_rules,3,True,NC(Cc1c[nH]c2ccccc12)C(=O)O,CCCC(O)(CCC)C(=O)O,C74926ad4fc893fa7aacbb6f409fdf72fdc1c2c35,T6a58e311af73ef9829b52bf0ce73be12a42805d9
58,acetate,dipropyl,ccm_v0_to_bottle_targets_24_gen_3_tan_sample_1_n_samples_1000_rules_JN3604IMT_rules,3,True,CC(=O)O,CCCC(O)(CCC)C(=O)O,C69bd7ab90d3f972909c038af169917ec6eb194ea,T6a58e311af73ef9829b52bf0ce73be12a42805d9
59,citrate,methyl_butane_diol,ccm_v0_to_bottle_targets_24_gen_3_tan_sample_1_n_samples_1000_rules_JN3604IMT_rules,3,True,O=C(O)CC(O)(CC(=O)O)C(=O)O,CC(O)C(C)(C)O,C7846bd0a566d52f5c266777c7322ec392a887a5d,T0f5655c6e1c28d7fd45b11b1375f029fb926af29
60,fumarate,pivalic_acid,ccm_v0_to_bottle_targets_24_gen_3_tan_sample_1_n_samples_1000_rules_JN3604IMT_rules,3,True,O=C(O)C=CC(=O)O,CC(C)(CO)C(=O)O,Cd2c8451fbe5563b9a086b59c26af17772205613a,Ta44a84be6f833fe631009a55d05e4807de958fe0
61,arganine,methyl_butane_diol,amino_acids_to_bottle_targets_24_gen_3_tan_sample_1_n_samples_1000_rules_JN3604IMT_rules,3,True,NC(N)=NCCCC(N)C(=O)O,CC(O)C(C)(C)O,Cbf56a9b3278f03e28b7f543d3a085d30c2ec9cb9,T0f5655c6e1c28d7fd45b11b1375f029fb926af29
62,aspartic_acid,pivalic_acid,amino_acids_to_bottle_targets_24_gen_3_tan_sample_1_n_samples_1000_rules_JN3604IMT_rules,3,True,NC(CC(=O)O)C(=O)O,CC(C)(CO)C(=O)O,Ca1d054c7d7e3878e86b47d369fade7983641c7f9,Ta44a84be6f833fe631009a55d05e4807de958fe0
63,arganine,gem_dimethyl,amino_acids_to_bottle_targets_24_gen_3_tan_sample_1_n_samples_1000_rules_JN3604IMT_rules,3,True,NC(N)=NCCCC(N)C(=O)O,CC(O)C(C)(C)C(=O)O,Cbf56a9b3278f03e28b7f543d3a085d30c2ec9cb9,Tc2274a1b151121868789bd03eb37b9c4065ef3d1
64,methionine,gem_dimethyl,amino_acids_to_bottle_targets_24_gen_3_tan_sample_1_n_samples_1000_rules_JN3604IMT_rules,3,True,CSCCC(N)C(=O)O,CC(O)C(C)(C)C(=O)O,Ca93a2b94e7952edfbf8d84ed5639552cb3f1f0bf,Tc2274a1b151121868789bd03eb37b9c4065ef3d1
65,methionine,dipropyl,amino_acids_to_bottle_targets_24_gen_3_tan_sample_1_n_samples_1000_rules_JN3604IMT_rules,3,True,CSCCC(N)C(=O)O,CCCC(O)(CCC)C(=O)O,Ca93a2b94e7952edfbf8d84ed5639552cb3f1f0bf,T6a58e311af73ef9829b52bf0ce73be12a42805d9
66,phenylalanine,methyl_butane_diol,amino_acids_to_bottle_targets_24_gen_3_tan_sample_1_n_samples_1000_rules_JN3604IMT_rules,3,True,NC(Cc1ccccc1)C(=O)O,CC(O)C(C)(C)O,Ce05fd0830701afff578b3a5ce1dff5ed8005993a,T0f5655c6e1c28d7fd45b11b1375f029fb926af29
67,phenylalanine,pivalic_acid,amino_acids_to_bottle_targets_24_gen_3_tan_sample_1_n_samples_1000_rules_JN3604IMT_rules,3,True,NC(Cc1ccccc1)C(=O)O,CC(C)(CO)C(=O)O,Ce05fd0830701afff578b3a5ce1dff5ed8005993a,Ta44a84be6f833fe631009a55d05e4807de958fe0
68,phenylalanine,gem_dimethyl,amino_acids_to_bottle_targets_24_gen_3_tan_sample_1_n_samples_1000_rules_JN3604IMT_rules,3,True,NC(Cc1ccccc1)C(=O)O,CC(O)C(C)(C)C(=O)O,Ce05fd0830701afff578b3a5ce1dff5ed8005993a,Tc2274a1b151121868789bd03eb37b9c4065ef3d1
69,phenylalanine,dipropyl,amino_acids_to_bottle_targets_24_gen_3_tan_sample_1_n_samples_1000_rules_JN3604IMT_rules,3,True,NC(Cc1ccccc1)C(=O)O,CCCC(O)(CCC)C(=O)O,Ce05fd0830701afff578b3a5ce1dff5ed8005993a,T6a58e311af73ef9829b52bf0ce73be12a42805d9
70,isoleucine,methyl_butane_diol,amino_acids_to_bottle_targets_24_gen_3_tan_sample_1_n_samples_1000_rules_JN3604IMT_rules,3,True,CCC(C)C(N)C(=O)O,CC(O)C(C)(C)O,C0b1a113de475b725c076698562e4e7b571a039a2,T0f5655c6e1c28d7fd45b11b1375f029fb926af29
71,isoleucine,pivalic_acid,amino_acids_to_bottle_targets_24_gen_3_tan_sample_1_n_samples_1000_rules_JN3604IMT_rules,3,True,CCC(C)C(N)C(=O)O,CC(C)(CO)C(=O)O,C0b1a113de475b725c076698562e4e7b571a039a2,Ta44a84be6f833fe631009a55d05e4807de958fe0
72,isoleucine,gem_dimethyl,amino_acids_to_bottle_targets_24_gen_3_tan_sample_1_n_samples_1000_rules_JN3604IMT_rules,3,True,CCC(C)C(N)C(=O)O,CC(O)C(C)(C)C(=O)O,C0b1a113de475b725c076698562e4e7b571a039a2,Tc2274a1b151121868789bd03eb37b9c4065ef3d1
73,isoleucine,dipropyl,amino_acids_to_bottle_targets_24_gen_3_tan_sample_1_n_samples_1000_rules_JN3604IMT_rules,3,True,CCC(C)C(N)C(=O)O,CCCC(O)(CCC)C(=O)O,C0b1a113de475b725c076698562e4e7b571a039a2,T6a58e311af73ef9829b52bf0ce73be12a42805d9
74,alanine,methyl_butane_diol,amino_acids_to_bottle_targets_24_gen_3_tan_sample_1_n_samples_1000_rules_JN3604IMT_rules,3,True,CC(N)C(=O)O,CC(O)C(C)(C)O,C24f799b65f77e5bef0585b5d5138bb22868a8c16,T0f5655c6e1c28d7fd45b11b1375f029fb926af29
75,alanine,pivalic_acid,amino_acids_to_bottle_targets_24_gen_3_tan_sample_1_n_samples_1000_rules_JN3604IMT_rules,3,True,CC(N)C(=O)O,CC(C)(CO)C(=O)O,C24f799b65f77e5bef0585b5d5138bb22868a8c16,Ta44a84be6f833fe631009a55d05e4807de958fe0
76,alanine,gem_dimethyl,amino_acids_to_bottle_targets_24_gen_3_tan_sample_1_n_samples_1000_rules_JN3604IMT_rules,3,True,CC(N)C(=O)O,CC(O)C(C)(C)C(=O)O,C24f799b65f77e5bef0585b5d5138bb22868a8c16,Tc2274a1b151121868789bd03eb37b9c4065ef3d1
77,alanine,dipropyl,amino_acids_to_bottle_targets_24_gen_3_tan_sample_1_n_samples_1000_rules_JN3604IMT_rules,3,True,CC(N)C(=O)O,CCCC(O)(CCC)C(=O)O,C24f799b65f77e5bef0585b5d5138bb22868a8c16,T6a58e311af73ef9829b52bf0ce73be12a42805d9
78,tyrosine,methyl_butane_diol,amino_acids_to_bottle_targets_24_gen_3_tan_sample_1_n_samples_1000_rules_JN3604IMT_rules,3,True,NC(Cc1ccc(O)cc1)C(=O)O,CC(O)C(C)(C)O,C0f0bc81b021350db6512f6d1aa2885d2cbaea229,T0f5655c6e1c28d7fd45b11b1375f029fb926af29
79,tyrosine,pivalic_acid,amino_acids_to_bottle_targets_24_gen_3_tan_sample_1_n_samples_1000_rules_JN3604IMT_rules,3,True,NC(Cc1ccc(O)cc1)C(=O)O,CC(C)(CO)C(=O)O,C0f0bc81b021350db6512f6d1aa2885d2cbaea229,Ta44a84be6f833fe631009a55d05e4807de958fe0
80,tyrosine,gem_dimethyl,amino_acids_to_bottle_targets_24_gen_3_tan_sample_1_n_samples_1000_rules_JN3604IMT_rules,3,True,NC(Cc1ccc(O)cc1)C(=O)O,CC(O)C(C)(C)C(=O)O,C0f0bc81b021350db6512f6d1aa2885d2cbaea229,Tc2274a1b151121868789bd03eb37b9c4065ef3d1
81,tyrosine,dipropyl,amino_acids_to_bottle_targets_24_gen_3_tan_sample_1_n_samples_1000_rules_JN3604IMT_rules,3,True,NC(Cc1ccc(O)cc1)C(=O)O,CCCC(O)(CCC)C(=O)O,C0f0bc81b021350db6512f6d1aa2885d2cbaea229,T6a58e311af73ef9829b52bf0ce73be12a42805d9
82,glutamine,methyl_butane_diol,amino_acids_to_bottle_targets_24_gen_3_tan_sample_1_n_samples_1000_rules_JN3604IMT_rules,3,True,NC(=O)CCC(N)C(=O)O,CC(O)C(C)(C)O,C65d64c67d323a06f303bafc48646dd8cc2aca598,T0f5655c6e1c28d7fd45b11b1375f029fb926af29
83,glutamine,pivalic_acid,amino_acids_to_bottle_targets_24_gen_3_tan_sample_1_n_samples_1000_rules_JN3604IMT_rules,3,True,NC(=O)CCC(N)C(=O)O,CC(C)(CO)C(=O)O,C65d64c67d323a06f303bafc48646dd8cc2aca598,Ta44a84be6f833fe631009a55d05e4807de958fe0
84,glutamine,gem_dimethyl,amino_acids_to_bottle_targets_24_gen_3_tan_sample_1_n_samples_1000_rules_JN3604IMT_rules,3,True,NC(=O)CCC(N)C(=O)O,CC(O)C(C)(C)C(=O)O,C65d64c67d323a06f303bafc48646dd8cc2aca598,Tc2274a1b151121868789bd03eb37b9c4065ef3d1
85,glutamine,dipropyl,amino_acids_to_bottle_targets_24_gen_3_tan_sample_1_n_samples_1000_rules_JN3604IMT_rules,3,True,NC(=O)CCC(N)C(=O)O,CCCC(O)(CCC)C(=O)O,C65d64c67d323a06f303bafc48646dd8cc2aca598,T6a58e311af73ef9829b52bf0ce73be12a42805d9
86,"2,2-dimethyl-butyric acid(DMB)","3-Hydroxy-2,2-dimethylpropanoic acid(3HPA)",DMB_to_3HPA_gen_3_tan_sample_0_n_samples_1000,3,True,CCC(C)(C)C(=O)O,CC(C)(CO)C(=O)O,Cce065e1e7b273fd0df7f455452f948b30517b232,Ta44a84be6f833fe631009a55d05e4807de958fe0
87,methionine,pivalic_acid,amino_acids_to_bottle_targets_24_gen_3_tan_sample_1_n_samples_1000_rules_JN3604IMT_rules,3,True,CSCCC(N)C(=O)O,CC(C)(CO)C(=O)O,Ca93a2b94e7952edfbf8d84ed5639552cb3f1f0bf,Ta44a84be6f833fe631009a55d05e4807de958fe0
88,arganine,pivalic_acid,amino_acids_to_bottle_targets_24_gen_3_tan_sample_1_n_samples_1000_rules_JN3604IMT_rules,3,True,NC(N)=NCCCC(N)C(=O)O,CC(C)(CO)C(=O)O,Cbf56a9b3278f03e28b7f543d3a085d30c2ec9cb9,Ta44a84be6f833fe631009a55d05e4807de958fe0
89,methionine,methyl_butane_diol,amino_acids_to_bottle_targets_24_gen_3_tan_sample_1_n_samples_1000_rules_JN3604IMT_rules,3,True,CSCCC(N)C(=O)O,CC(O)C(C)(C)O,Ca93a2b94e7952edfbf8d84ed5639552cb3f1f0bf,T0f5655c6e1c28d7fd45b11b1375f029fb926af29
90,histidine,gem_dimethyl,amino_acids_to_bottle_targets_24_gen_3_tan_sample_1_n_samples_1000_rules_JN3604IMT_rules,3,True,NC(Cc1c[nH]cn1)C(=O)O,CC(O)C(C)(C)C(=O)O,C0ea9546187e45fbb47e0466c75193007351c34db,Tc2274a1b151121868789bd03eb37b9c4065ef3d1
91,arganine,dipropyl,amino_acids_to_bottle_targets_24_gen_3_tan_sample_1_n_samples_1000_rules_JN3604IMT_rules,3,True,NC(N)=NCCCC(N)C(=O)O,CCCC(O)(CCC)C(=O)O,Cbf56a9b3278f03e28b7f543d3a085d30c2ec9cb9,T6a58e311af73ef9829b52bf0ce73be12a42805d9
92,aspartic_acid,methyl_butane_diol,amino_acids_to_bottle_targets_24_gen_3_tan_sample_1_n_samples_1000_rules_JN3604IMT_rules,3,True,NC(CC(=O)O)C(=O)O,CC(O)C(C)(C)O,Ca1d054c7d7e3878e86b47d369fade7983641c7f9,T0f5655c6e1c28d7fd45b11b1375f029fb926af29
93,2mg,mvacid,2mg_to_mvacid_gen_3_tan_sample_1_n_samples_1000,3,True,C=C(CCC(=O)O)C(=O)O,C=C(CCCO)C(=O)O,Cec77ea281f69ca989bbef0a4c7794128a196c716,T6ec1611229ff4fc7a19244967c7716266fc021a1
94,aspartic_acid,gem_dimethyl,amino_acids_to_bottle_targets_24_gen_3_tan_sample_1_n_samples_1000_rules_JN3604IMT_rules,3,True,NC(CC(=O)O)C(=O)O,CC(O)C(C)(C)C(=O)O,Ca1d054c7d7e3878e86b47d369fade7983641c7f9,Tc2274a1b151121868789bd03eb37b9c4065ef3d1
95,aspartic_acid,dipropyl,amino_acids_to_bottle_targets_24_gen_3_tan_sample_1_n_samples_1000_rules_JN3604IMT_rules,3,True,NC(CC(=O)O)C(=O)O,CCCC(O)(CCC)C(=O)O,Ca1d054c7d7e3878e86b47d369fade7983641c7f9,T6a58e311af73ef9829b52bf0ce73be12a42805d9
96,leucine,methyl_butane_diol,amino_acids_to_bottle_targets_24_gen_3_tan_sample_1_n_samples_1000_rules_JN3604IMT_rules,3,True,CC(C)CC(N)C(=O)O,CC(O)C(C)(C)O,C956d002473b19ff7a4720e3c0795066ec6ed8a4e,T0f5655c6e1c28d7fd45b11b1375f029fb926af29
97,leucine,pivalic_acid,amino_acids_to_bottle_targets_24_gen_3_tan_sample_1_n_samples_1000_rules_JN3604IMT_rules,3,True,CC(C)CC(N)C(=O)O,CC(C)(CO)C(=O)O,C956d002473b19ff7a4720e3c0795066ec6ed8a4e,Ta44a84be6f833fe631009a55d05e4807de958fe0
98,leucine,gem_dimethyl,amino_acids_to_bottle_targets_24_gen_3_tan_sample_1_n_samples_1000_rules_JN3604IMT_rules,3,True,CC(C)CC(N)C(=O)O,CC(O)C(C)(C)C(=O)O,C956d002473b19ff7a4720e3c0795066ec6ed8a4e,Tc2274a1b151121868789bd03eb37b9c4065ef3d1
99,leucine,dipropyl,amino_acids_to_bottle_targets_24_gen_3_tan_sample_1_n_samples_1000_rules_JN3604IMT_rules,3,True,CC(C)CC(N)C(=O)O,CCCC(O)(CCC)C(=O)O,C956d002473b19ff7a4720e3c0795066ec6ed8a4e,T6a58e311af73ef9829b52bf0ce73be12a42805d9
100,asparagine,methyl_butane_diol,amino_acids_to_bottle_targets_24_gen_3_tan_sample_1_n_samples_1000_rules_JN3604IMT_rules,3,True,NC(=O)CC(N)C(=O)O,CC(O)C(C)(C)O,C4d9cf891ab210715f541dea6745e33e3035be0e8,T0f5655c6e1c28d7fd45b11b1375f029fb926af29
101,asparagine,pivalic_acid,amino_acids_to_bottle_targets_24_gen_3_tan_sample_1_n_samples_1000_rules_JN3604IMT_rules,3,True,NC(=O)CC(N)C(=O)O,CC(C)(CO)C(=O)O,C4d9cf891ab210715f541dea6745e33e3035be0e8,Ta44a84be6f833fe631009a55d05e4807de958fe0
102,asparagine,gem_dimethyl,amino_acids_to_bottle_targets_24_gen_3_tan_sample_1_n_samples_1000_rules_JN3604IMT_rules,3,True,NC(=O)CC(N)C(=O)O,CC(O)C(C)(C)C(=O)O,C4d9cf891ab210715f541dea6745e33e3035be0e8,Tc2274a1b151121868789bd03eb37b9c4065ef3d1
103,asparagine,dipropyl,amino_acids_to_bottle_targets_24_gen_3_tan_sample_1_n_samples_1000_rules_JN3604IMT_rules,3,True,NC(=O)CC(N)C(=O)O,CCCC(O)(CCC)C(=O)O,C4d9cf891ab210715f541dea6745e33e3035be0e8,T6a58e311af73ef9829b52bf0ce73be12a42805d9
104,glysine,methyl_butane_diol,amino_acids_to_bottle_targets_24_gen_3_tan_sample_1_n_samples_1000_rules_JN3604IMT_rules,3,True,NCC(=O)O,CC(O)C(C)(C)O,C8302328f8b370d8cde446ba182c879b9a9d28b76,T0f5655c6e1c28d7fd45b11b1375f029fb926af29
105,glysine,pivalic_acid,amino_acids_to_bottle_targets_24_gen_3_tan_sample_1_n_samples_1000_rules_JN3604IMT_rules,3,True,NCC(=O)O,CC(C)(CO)C(=O)O,C8302328f8b370d8cde446ba182c879b9a9d28b76,Ta44a84be6f833fe631009a55d05e4807de958fe0
106,glysine,gem_dimethyl,amino_acids_to_bottle_targets_24_gen_3_tan_sample_1_n_samples_1000_rules_JN3604IMT_rules,3,True,NCC(=O)O,CC(O)C(C)(C)C(=O)O,C8302328f8b370d8cde446ba182c879b9a9d28b76,Tc2274a1b151121868789bd03eb37b9c4065ef3d1
107,glysine,dipropyl,amino_acids_to_bottle_targets_24_gen_3_tan_sample_1_n_samples_1000_rules_JN3604IMT_rules,3,True,NCC(=O)O,CCCC(O)(CCC)C(=O)O,C8302328f8b370d8cde446ba182c879b9a9d28b76,T6a58e311af73ef9829b52bf0ce73be12a42805d9
108,threonine,methyl_butane_diol,amino_acids_to_bottle_targets_24_gen_3_tan_sample_1_n_samples_1000_rules_JN3604IMT_rules,3,True,CC(O)C(N)C(=O)O,CC(O)C(C)(C)O,Cecbcb1901469fadc256252b4ed3f627ae859e156,T0f5655c6e1c28d7fd45b11b1375f029fb926af29
109,threonine,pivalic_acid,amino_acids_to_bottle_targets_24_gen_3_tan_sample_1_n_samples_1000_rules_JN3604IMT_rules,3,True,CC(O)C(N)C(=O)O,CC(C)(CO)C(=O)O,Cecbcb1901469fadc256252b4ed3f627ae859e156,Ta44a84be6f833fe631009a55d05e4807de958fe0
110,threonine,gem_dimethyl,amino_acids_to_bottle_targets_24_gen_3_tan_sample_1_n_samples_1000_rules_JN3604IMT_rules,3,True,CC(O)C(N)C(=O)O,CC(O)C(C)(C)C(=O)O,Cecbcb1901469fadc256252b4ed3f627ae859e156,Tc2274a1b151121868789bd03eb37b9c4065ef3d1
111,threonine,dipropyl,amino_acids_to_bottle_targets_24_gen_3_tan_sample_1_n_samples_1000_rules_JN3604IMT_rules,3,True,CC(O)C(N)C(=O)O,CCCC(O)(CCC)C(=O)O,Cecbcb1901469fadc256252b4ed3f627ae859e156,T6a58e311af73ef9829b52bf0ce73be12a42805d9
112,histidine,methyl_butane_diol,amino_acids_to_bottle_targets_24_gen_3_tan_sample_1_n_samples_1000_rules_JN3604IMT_rules,3,True,NC(Cc1c[nH]cn1)C(=O)O,CC(O)C(C)(C)O,C0ea9546187e45fbb47e0466c75193007351c34db,T0f5655c6e1c28d7fd45b11b1375f029fb926af29
113,histidine,pivalic_acid,amino_acids_to_bottle_targets_24_gen_3_tan_sample_1_n_samples_1000_rules_JN3604IMT_rules,3,True,NC(Cc1c[nH]cn1)C(=O)O,CC(C)(CO)C(=O)O,C0ea9546187e45fbb47e0466c75193007351c34db,Ta44a84be6f833fe631009a55d05e4807de958fe0
114,histidine,dipropyl,amino_acids_to_bottle_targets_24_gen_3_tan_sample_1_n_samples_1000_rules_JN3604IMT_rules,3,True,NC(Cc1c[nH]cn1)C(=O)O,CCCC(O)(CCC)C(=O)O,C0ea9546187e45fbb47e0466c75193007351c34db,T6a58e311af73ef9829b52bf0ce73be12a42805d9
115,glutamine,dipropyl,amino_acids_to_bottle_targets_24_gen_3_tan_sample_1_n_samples_1000_rules_JN3604IMT_rules_carbonyl_free,3,True,NC(=O)CCC(N)C(=O)O,CCCC(O)(CCC)C(=O)O,C65d64c67d323a06f303bafc48646dd8cc2aca598,T6a58e311af73ef9829b52bf0ce73be12a42805d9
116,malate,mvacid,ccm_v0_to_mvacid_gen_3_tan_sample_1_n_samples_1000,3,True,O=C(O)CC(O)C(=O)O,C=C(CCCO)C(=O)O,Cc522b49cc542f782eb7779a6c90ac1a255334bfa,T6ec1611229ff4fc7a19244967c7716266fc021a1
117,tryptophan,methyl_butane_diol,amino_acids_to_bottle_targets_24_gen_3_tan_sample_1_n_samples_1000_rules_JN3604IMT_rules_carbonyl_free,3,True,NC(Cc1c[nH]c2ccccc12)C(=O)O,CC(O)C(C)(C)O,C74926ad4fc893fa7aacbb6f409fdf72fdc1c2c35,T0f5655c6e1c28d7fd45b11b1375f029fb926af29
118,oxaloacetate,methyl_butane_diol,ccm_v0_to_bottle_targets_24_gen_3_tan_sample_1_n_samples_1000_rules_JN3604IMT_rules_carbonyl_free,3,True,O=C(O)CC(=O)C(=O)O,CC(O)C(C)(C)O,C086e98dbf2ac460c91ac1a991badef07eb497a72,T0f5655c6e1c28d7fd45b11b1375f029fb926af29
119,oxaloacetate,pivalic_acid,ccm_v0_to_bottle_targets_24_gen_3_tan_sample_1_n_samples_1000_rules_JN3604IMT_rules_carbonyl_free,3,True,O=C(O)CC(=O)C(=O)O,CC(C)(CO)C(=O)O,C086e98dbf2ac460c91ac1a991badef07eb497a72,Ta44a84be6f833fe631009a55d05e4807de958fe0
120,oxaloacetate,gem_dimethyl,ccm_v0_to_bottle_targets_24_gen_3_tan_sample_1_n_samples_1000_rules_JN3604IMT_rules_carbonyl_free,3,True,O=C(O)CC(=O)C(=O)O,CC(O)C(C)(C)C(=O)O,C086e98dbf2ac460c91ac1a991badef07eb497a72,Tc2274a1b151121868789bd03eb37b9c4065ef3d1
121,oxaloacetate,dipropyl,ccm_v0_to_bottle_targets_24_gen_3_tan_sample_1_n_samples_1000_rules_JN3604IMT_rules_carbonyl_free,3,True,O=C(O)CC(=O)C(=O)O,CCCC(O)(CCC)C(=O)O,C086e98dbf2ac460c91ac1a991badef07eb497a72,T6a58e311af73ef9829b52bf0ce73be12a42805d9
122,succinate,methyl_butane_diol,ccm_v0_to_bottle_targets_24_gen_3_tan_sample_1_n_samples_1000_rules_JN3604IMT_rules_carbonyl_free,3,True,O=C(O)CCC(=O)O,CC(O)C(C)(C)O,C4fe83a533b208e245e45b74e0967d7b8e9aad361,T0f5655c6e1c28d7fd45b11b1375f029fb926af29
123,succinate,pivalic_acid,ccm_v0_to_bottle_targets_24_gen_3_tan_sample_1_n_samples_1000_rules_JN3604IMT_rules_carbonyl_free,3,True,O=C(O)CCC(=O)O,CC(C)(CO)C(=O)O,C4fe83a533b208e245e45b74e0967d7b8e9aad361,Ta44a84be6f833fe631009a55d05e4807de958fe0
124,succinate,gem_dimethyl,ccm_v0_to_bottle_targets_24_gen_3_tan_sample_1_n_samples_1000_rules_JN3604IMT_rules_carbonyl_free,3,True,O=C(O)CCC(=O)O,CC(O)C(C)(C)C(=O)O,C4fe83a533b208e245e45b74e0967d7b8e9aad361,Tc2274a1b151121868789bd03eb37b9c4065ef3d1
125,succinate,dipropyl,ccm_v0_to_bottle_targets_24_gen_3_tan_sample_1_n_samples_1000_rules_JN3604IMT_rules_carbonyl_free,3,True,O=C(O)CCC(=O)O,CCCC(O)(CCC)C(=O)O,C4fe83a533b208e245e45b74e0967d7b8e9aad361,T6a58e311af73ef9829b52bf0ce73be12a42805d9
126,oxaloacetate,hopa,ccm_v0_to_hopa_gen_3_tan_sample_1_n_samples_1000,3,True,O=C(O)CC(=O)C(=O)O,O=C(O)C(=O)CCCO,C086e98dbf2ac460c91ac1a991badef07eb497a72,Tcfd59a5a3ad7c94a82bd1166ab840bbd3845b24a
127,citrate,hopa,ccm_v0_to_hopa_gen_3_tan_sample_1_n_samples_1000,3,True,O=C(O)CC(O)(CC(=O)O)C(=O)O,O=C(O)C(=O)CCCO,C7846bd0a566d52f5c266777c7322ec392a887a5d,Tcfd59a5a3ad7c94a82bd1166ab840bbd3845b24a
128,acetate,hopa,ccm_v0_to_hopa_gen_3_tan_sample_1_n_samples_1000,3,True,CC(=O)O,O=C(O)C(=O)CCCO,C69bd7ab90d3f972909c038af169917ec6eb194ea,Tcfd59a5a3ad7c94a82bd1166ab840bbd3845b24a
129,malate,hopa,ccm_v0_to_hopa_gen_3_tan_sample_1_n_samples_1000,3,True,O=C(O)CC(O)C(=O)O,O=C(O)C(=O)CCCO,Cc522b49cc542f782eb7779a6c90ac1a255334bfa,Tcfd59a5a3ad7c94a82bd1166ab840bbd3845b24a
130,fumarate,hopa,ccm_v0_to_hopa_gen_3_tan_sample_1_n_samples_1000,3,True,O=C(O)C=CC(=O)O,O=C(O)C(=O)CCCO,Cd2c8451fbe5563b9a086b59c26af17772205613a,Tcfd59a5a3ad7c94a82bd1166ab840bbd3845b24a
131,pyruvate,hopa,ccm_v0_to_hopa_gen_3_tan_sample_1_n_samples_1000,3,True,CC(=O)C(=O)O,O=C(O)C(=O)CCCO,Cf7e036e330ad26caa66bb458faad18fa684af921,Tcfd59a5a3ad7c94a82bd1166ab840bbd3845b24a
132,valine,methyl_butane_diol,amino_acids_to_bottle_targets_24_gen_3_tan_sample_1_n_samples_1000_rules_JN3604IMT_rules_carbonyl_free,3,True,CC(C)C(N)C(=O)O,CC(O)C(C)(C)O,C2c0fd88a16e4b0a0e7eb28210b991db433f6ed60,T0f5655c6e1c28d7fd45b11b1375f029fb926af29
133,valine,pivalic_acid,amino_acids_to_bottle_targets_24_gen_3_tan_sample_1_n_samples_1000_rules_JN3604IMT_rules_carbonyl_free,3,True,CC(C)C(N)C(=O)O,CC(C)(CO)C(=O)O,C2c0fd88a16e4b0a0e7eb28210b991db433f6ed60,Ta44a84be6f833fe631009a55d05e4807de958fe0
134,valine,gem_dimethyl,amino_acids_to_bottle_targets_24_gen_3_tan_sample_1_n_samples_1000_rules_JN3604IMT_rules_carbonyl_free,3,True,CC(C)C(N)C(=O)O,CC(O)C(C)(C)C(=O)O,C2c0fd88a16e4b0a0e7eb28210b991db433f6ed60,Tc2274a1b151121868789bd03eb37b9c4065ef3d1
135,valine,dipropyl,amino_acids_to_bottle_targets_24_gen_3_tan_sample_1_n_samples_1000_rules_JN3604IMT_rules_carbonyl_free,3,True,CC(C)C(N)C(=O)O,CCCC(O)(CCC)C(=O)O,C2c0fd88a16e4b0a0e7eb28210b991db433f6ed60,T6a58e311af73ef9829b52bf0ce73be12a42805d9
136,cysteine,methyl_butane_diol,amino_acids_to_bottle_targets_24_gen_3_tan_sample_1_n_samples_1000_rules_JN3604IMT_rules_carbonyl_free,3,True,NC(CS)C(=O)O,CC(O)C(C)(C)O,Ce05a63be50137c094d61a4b4a198659d78b4c589,T0f5655c6e1c28d7fd45b11b1375f029fb926af29
137,cysteine,pivalic_acid,amino_acids_to_bottle_targets_24_gen_3_tan_sample_1_n_samples_1000_rules_JN3604IMT_rules_carbonyl_free,3,True,NC(CS)C(=O)O,CC(C)(CO)C(=O)O,Ce05a63be50137c094d61a4b4a198659d78b4c589,Ta44a84be6f833fe631009a55d05e4807de958fe0
138,cysteine,gem_dimethyl,amino_acids_to_bottle_targets_24_gen_3_tan_sample_1_n_samples_1000_rules_JN3604IMT_rules_carbonyl_free,3,True,NC(CS)C(=O)O,CC(O)C(C)(C)C(=O)O,Ce05a63be50137c094d61a4b4a198659d78b4c589,Tc2274a1b151121868789bd03eb37b9c4065ef3d1
139,cysteine,dipropyl,amino_acids_to_bottle_targets_24_gen_3_tan_sample_1_n_samples_1000_rules_JN3604IMT_rules_carbonyl_free,3,True,NC(CS)C(=O)O,CCCC(O)(CCC)C(=O)O,Ce05a63be50137c094d61a4b4a198659d78b4c589,T6a58e311af73ef9829b52bf0ce73be12a42805d9
140,serine,methyl_butane_diol,amino_acids_to_bottle_targets_24_gen_3_tan_sample_1_n_samples_1000_rules_JN3604IMT_rules_carbonyl_free,3,True,NC(CO)C(=O)O,CC(O)C(C)(C)O,C431e48c1facac282544763f27164fac94c2801c6,T0f5655c6e1c28d7fd45b11b1375f029fb926af29
141,serine,pivalic_acid,amino_acids_to_bottle_targets_24_gen_3_tan_sample_1_n_samples_1000_rules_JN3604IMT_rules_carbonyl_free,3,True,NC(CO)C(=O)O,CC(C)(CO)C(=O)O,C431e48c1facac282544763f27164fac94c2801c6,Ta44a84be6f833fe631009a55d05e4807de958fe0
142,serine,gem_dimethyl,amino_acids_to_bottle_targets_24_gen_3_tan_sample_1_n_samples_1000_rules_JN3604IMT_rules_carbonyl_free,3,True,NC(CO)C(=O)O,CC(O)C(C)(C)C(=O)O,C431e48c1facac282544763f27164fac94c2801c6,Tc2274a1b151121868789bd03eb37b9c4065ef3d1
143,serine,dipropyl,amino_acids_to_bottle_targets_24_gen_3_tan_sample_1_n_samples_1000_rules_JN3604IMT_rules_carbonyl_free,3,True,NC(CO)C(=O)O,CCCC(O)(CCC)C(=O)O,C431e48c1facac282544763f27164fac94c2801c6,T6a58e311af73ef9829b52bf0ce73be12a42805d9
144,glutamine,gem_dimethyl,amino_acids_to_bottle_targets_24_gen_3_tan_sample_1_n_samples_1000_rules_JN3604IMT_rules_carbonyl_free,3,True,NC(=O)CCC(N)C(=O)O,CC(O)C(C)(C)C(=O)O,C65d64c67d323a06f303bafc48646dd8cc2aca598,Tc2274a1b151121868789bd03eb37b9c4065ef3d1
145,citrate,dipropyl,ccm_v0_to_bottle_targets_24_gen_3_tan_sample_1_n_samples_1000_rules_JN3604IMT_rules_carbonyl_free,3,True,O=C(O)CC(O)(CC(=O)O)C(=O)O,CCCC(O)(CCC)C(=O)O,C7846bd0a566d52f5c266777c7322ec392a887a5d,T6a58e311af73ef9829b52bf0ce73be12a42805d9
146,tryptophan,pivalic_acid,amino_acids_to_bottle_targets_24_gen_3_tan_sample_1_n_samples_1000_rules_JN3604IMT_rules_carbonyl_free,3,True,NC(Cc1c[nH]c2ccccc12)C(=O)O,CC(C)(CO)C(=O)O,C74926ad4fc893fa7aacbb6f409fdf72fdc1c2c35,Ta44a84be6f833fe631009a55d05e4807de958fe0
147,citrate,gem_dimethyl,ccm_v0_to_bottle_targets_24_gen_3_tan_sample_1_n_samples_1000_rules_JN3604IMT_rules_carbonyl_free,3,True,O=C(O)CC(O)(CC(=O)O)C(=O)O,CC(O)C(C)(C)C(=O)O,C7846bd0a566d52f5c266777c7322ec392a887a5d,Tc2274a1b151121868789bd03eb37b9c4065ef3d1
148,citrate,methyl_butane_diol,ccm_v0_to_bottle_targets_24_gen_3_tan_sample_1_n_samples_1000_rules_JN3604IMT_rules_carbonyl_free,3,True,O=C(O)CC(O)(CC(=O)O)C(=O)O,CC(O)C(C)(C)O,C7846bd0a566d52f5c266777c7322ec392a887a5d,T0f5655c6e1c28d7fd45b11b1375f029fb926af29
149,pyruvate,2mg,ccm_v0_to_2mg_gen_3_tan_sample_1_n_samples_1000,3,True,CC(=O)C(=O)O,C=C(CCC(=O)O)C(=O)O,Cf7e036e330ad26caa66bb458faad18fa684af921,Tec77ea281f69ca989bbef0a4c7794128a196c716
150,fumarate,2mg,ccm_v0_to_2mg_gen_3_tan_sample_1_n_samples_1000,3,True,O=C(O)C=CC(=O)O,C=C(CCC(=O)O)C(=O)O,Cd2c8451fbe5563b9a086b59c26af17772205613a,Tec77ea281f69ca989bbef0a4c7794128a196c716
151,malate,2mg,ccm_v0_to_2mg_gen_3_tan_sample_1_n_samples_1000,3,True,O=C(O)CC(O)C(=O)O,C=C(CCC(=O)O)C(=O)O,Cc522b49cc542f782eb7779a6c90ac1a255334bfa,Tec77ea281f69ca989bbef0a4c7794128a196c716
152,acetate,2mg,ccm_v0_to_2mg_gen_3_tan_sample_1_n_samples_1000,3,True,CC(=O)O,C=C(CCC(=O)O)C(=O)O,C69bd7ab90d3f972909c038af169917ec6eb194ea,Tec77ea281f69ca989bbef0a4c7794128a196c716
153,citrate,2mg,ccm_v0_to_2mg_gen_3_tan_sample_1_n_samples_1000,3,True,O=C(O)CC(O)(CC(=O)O)C(=O)O,C=C(CCC(=O)O)C(=O)O,C7846bd0a566d52f5c266777c7322ec392a887a5d,Tec77ea281f69ca989bbef0a4c7794128a196c716
154,oxaloacetate,2mg,ccm_v0_to_2mg_gen_3_tan_sample_1_n_samples_1000,3,True,O=C(O)CC(=O)C(=O)O,C=C(CCC(=O)O)C(=O)O,C086e98dbf2ac460c91ac1a991badef07eb497a72,Tec77ea281f69ca989bbef0a4c7794128a196c716
155,succinate,2mg,ccm_v0_to_2mg_gen_3_tan_sample_1_n_samples_1000,3,True,O=C(O)CCC(=O)O,C=C(CCC(=O)O)C(=O)O,C4fe83a533b208e245e45b74e0967d7b8e9aad361,Tec77ea281f69ca989bbef0a4c7794128a196c716
156,pyruvate,methyl_butane_diol,ccm_v0_to_bottle_targets_24_gen_3_tan_sample_1_n_samples_1000_rules_JN3604IMT_rules_carbonyl_free,3,True,CC(=O)C(=O)O,CC(O)C(C)(C)O,Cf7e036e330ad26caa66bb458faad18fa684af921,T0f5655c6e1c28d7fd45b11b1375f029fb926af29
157,pyruvate,pivalic_acid,ccm_v0_to_bottle_targets_24_gen_3_tan_sample_1_n_samples_1000_rules_JN3604IMT_rules_carbonyl_free,3,True,CC(=O)C(=O)O,CC(C)(CO)C(=O)O,Cf7e036e330ad26caa66bb458faad18fa684af921,Ta44a84be6f833fe631009a55d05e4807de958fe0
158,pyruvate,gem_dimethyl,ccm_v0_to_bottle_targets_24_gen_3_tan_sample_1_n_samples_1000_rules_JN3604IMT_rules_carbonyl_free,3,True,CC(=O)C(=O)O,CC(O)C(C)(C)C(=O)O,Cf7e036e330ad26caa66bb458faad18fa684af921,Tc2274a1b151121868789bd03eb37b9c4065ef3d1
159,pyruvate,dipropyl,ccm_v0_to_bottle_targets_24_gen_3_tan_sample_1_n_samples_1000_rules_JN3604IMT_rules_carbonyl_free,3,True,CC(=O)C(=O)O,CCCC(O)(CCC)C(=O)O,Cf7e036e330ad26caa66bb458faad18fa684af921,T6a58e311af73ef9829b52bf0ce73be12a42805d9
160,fumarate,methyl_butane_diol,ccm_v0_to_bottle_targets_24_gen_3_tan_sample_1_n_samples_1000_rules_JN3604IMT_rules_carbonyl_free,3,True,O=C(O)C=CC(=O)O,CC(O)C(C)(C)O,Cd2c8451fbe5563b9a086b59c26af17772205613a,T0f5655c6e1c28d7fd45b11b1375f029fb926af29
161,fumarate,pivalic_acid,ccm_v0_to_bottle_targets_24_gen_3_tan_sample_1_n_samples_1000_rules_JN3604IMT_rules_carbonyl_free,3,True,O=C(O)C=CC(=O)O,CC(C)(CO)C(=O)O,Cd2c8451fbe5563b9a086b59c26af17772205613a,Ta44a84be6f833fe631009a55d05e4807de958fe0
162,fumarate,gem_dimethyl,ccm_v0_to_bottle_targets_24_gen_3_tan_sample_1_n_samples_1000_rules_JN3604IMT_rules_carbonyl_free,3,True,O=C(O)C=CC(=O)O,CC(O)C(C)(C)C(=O)O,Cd2c8451fbe5563b9a086b59c26af17772205613a,Tc2274a1b151121868789bd03eb37b9c4065ef3d1
163,fumarate,dipropyl,ccm_v0_to_bottle_targets_24_gen_3_tan_sample_1_n_samples_1000_rules_JN3604IMT_rules_carbonyl_free,3,True,O=C(O)C=CC(=O)O,CCCC(O)(CCC)C(=O)O,Cd2c8451fbe5563b9a086b59c26af17772205613a,T6a58e311af73ef9829b52bf0ce73be12a42805d9
164,malate,methyl_butane_diol,ccm_v0_to_bottle_targets_24_gen_3_tan_sample_1_n_samples_1000_rules_JN3604IMT_rules_carbonyl_free,3,True,O=C(O)CC(O)C(=O)O,CC(O)C(C)(C)O,Cc522b49cc542f782eb7779a6c90ac1a255334bfa,T0f5655c6e1c28d7fd45b11b1375f029fb926af29
165,malate,pivalic_acid,ccm_v0_to_bottle_targets_24_gen_3_tan_sample_1_n_samples_1000_rules_JN3604IMT_rules_carbonyl_free,3,True,O=C(O)CC(O)C(=O)O,CC(C)(CO)C(=O)O,Cc522b49cc542f782eb7779a6c90ac1a255334bfa,Ta44a84be6f833fe631009a55d05e4807de958fe0
166,malate,gem_dimethyl,ccm_v0_to_bottle_targets_24_gen_3_tan_sample_1_n_samples_1000_rules_JN3604IMT_rules_carbonyl_free,3,True,O=C(O)CC(O)C(=O)O,CC(O)C(C)(C)C(=O)O,Cc522b49cc542f782eb7779a6c90ac1a255334bfa,Tc2274a1b151121868789bd03eb37b9c4065ef3d1
167,malate,dipropyl,ccm_v0_to_bottle_targets_24_gen_3_tan_sample_1_n_samples_1000_rules_JN3604IMT_rules_carbonyl_free,3,True,O=C(O)CC(O)C(=O)O,CCCC(O)(CCC)C(=O)O,Cc522b49cc542f782eb7779a6c90ac1a255334bfa,T6a58e311af73ef9829b52bf0ce73be12a42805d9
168,ketoglutarate,methyl_butane_diol,ccm_v0_to_bottle_targets_24_gen_3_tan_sample_1_n_samples_1000_rules_JN3604IMT_rules_carbonyl_free,3,True,O=C(O)CCC(=O)C(=O)O,CC(O)C(C)(C)O,Ce264bf1bbd482e436995855afdf2170ce7229f1d,T0f5655c6e1c28d7fd45b11b1375f029fb926af29
169,ketoglutarate,pivalic_acid,ccm_v0_to_bottle_targets_24_gen_3_tan_sample_1_n_samples_1000_rules_JN3604IMT_rules_carbonyl_free,3,True,O=C(O)CCC(=O)C(=O)O,CC(C)(CO)C(=O)O,Ce264bf1bbd482e436995855afdf2170ce7229f1d,Ta44a84be6f833fe631009a55d05e4807de958fe0
170,ketoglutarate,gem_dimethyl,ccm_v0_to_bottle_targets_24_gen_3_tan_sample_1_n_samples_1000_rules_JN3604IMT_rules_carbonyl_free,3,True,O=C(O)CCC(=O)C(=O)O,CC(O)C(C)(C)C(=O)O,Ce264bf1bbd482e436995855afdf2170ce7229f1d,Tc2274a1b151121868789bd03eb37b9c4065ef3d1
171,ketoglutarate,dipropyl,ccm_v0_to_bottle_targets_24_gen_3_tan_sample_1_n_samples_1000_rules_JN3604IMT_rules_carbonyl_free,3,True,O=C(O)CCC(=O)C(=O)O,CCCC(O)(CCC)C(=O)O,Ce264bf1bbd482e436995855afdf2170ce7229f1d,T6a58e311af73ef9829b52bf0ce73be12a42805d9
172,acetate,methyl_butane_diol,ccm_v0_to_bottle_targets_24_gen_3_tan_sample_1_n_samples_1000_rules_JN3604IMT_rules_carbonyl_free,3,True,CC(=O)O,CC(O)C(C)(C)O,C69bd7ab90d3f972909c038af169917ec6eb194ea,T0f5655c6e1c28d7fd45b11b1375f029fb926af29
173,acetate,pivalic_acid,ccm_v0_to_bottle_targets_24_gen_3_tan_sample_1_n_samples_1000_rules_JN3604IMT_rules_carbonyl_free,3,True,CC(=O)O,CC(C)(CO)C(=O)O,C69bd7ab90d3f972909c038af169917ec6eb194ea,Ta44a84be6f833fe631009a55d05e4807de958fe0
174,acetate,gem_dimethyl,ccm_v0_to_bottle_targets_24_gen_3_tan_sample_1_n_samples_1000_rules_JN3604IMT_rules_carbonyl_free,3,True,CC(=O)O,CC(O)C(C)(C)C(=O)O,C69bd7ab90d3f972909c038af169917ec6eb194ea,Tc2274a1b151121868789bd03eb37b9c4065ef3d1
175,acetate,dipropyl,ccm_v0_to_bottle_targets_24_gen_3_tan_sample_1_n_samples_1000_rules_JN3604IMT_rules_carbonyl_free,3,True,CC(=O)O,CCCC(O)(CCC)C(=O)O,C69bd7ab90d3f972909c038af169917ec6eb194ea,T6a58e311af73ef9829b52bf0ce73be12a42805d9
176,citrate,pivalic_acid,ccm_v0_to_bottle_targets_24_gen_3_tan_sample_1_n_samples_1000_rules_JN3604IMT_rules_carbonyl_free,3,True,O=C(O)CC(O)(CC(=O)O)C(=O)O,CC(C)(CO)C(=O)O,C7846bd0a566d52f5c266777c7322ec392a887a5d,Ta44a84be6f833fe631009a55d05e4807de958fe0
177,tryptophan,gem_dimethyl,amino_acids_to_bottle_targets_24_gen_3_tan_sample_1_n_samples_1000_rules_JN3604IMT_rules_carbonyl_free,3,True,NC(Cc1c[nH]c2ccccc12)C(=O)O,CC(O)C(C)(C)C(=O)O,C74926ad4fc893fa7aacbb6f409fdf72fdc1c2c35,Tc2274a1b151121868789bd03eb37b9c4065ef3d1
178,"2,2-dimethyl-butyric acid(DMB)","3-Hydroxy-2,2-dimethylbutanoic acid(DMHB)",DMB_to_DMHB_gen_3_tan_sample_0_n_samples_1000,3,True,CCC(C)(C)C(=O)O,CC(O)C(C)(C)C(=O)O,Cce065e1e7b273fd0df7f455452f948b30517b232,Tc2274a1b151121868789bd03eb37b9c4065ef3d1
179,arganine,methyl_butane_diol,amino_acids_to_bottle_targets_24_gen_3_tan_sample_1_n_samples_1000_rules_JN3604IMT_rules_carbonyl_free,3,True,NC(N)=NCCCC(N)C(=O)O,CC(O)C(C)(C)O,Cbf56a9b3278f03e28b7f543d3a085d30c2ec9cb9,T0f5655c6e1c28d7fd45b11b1375f029fb926af29
180,histidine,dipropyl,amino_acids_to_bottle_targets_24_gen_3_tan_sample_1_n_samples_1000_rules_JN3604IMT_rules_carbonyl_free,3,True,NC(Cc1c[nH]cn1)C(=O)O,CCCC(O)(CCC)C(=O)O,C0ea9546187e45fbb47e0466c75193007351c34db,T6a58e311af73ef9829b52bf0ce73be12a42805d9
181,methionine,methyl_butane_diol,amino_acids_to_bottle_targets_24_gen_3_tan_sample_1_n_samples_1000_rules_JN3604IMT_rules_carbonyl_free,3,True,CSCCC(N)C(=O)O,CC(O)C(C)(C)O,Ca93a2b94e7952edfbf8d84ed5639552cb3f1f0bf,T0f5655c6e1c28d7fd45b11b1375f029fb926af29
182,methionine,pivalic_acid,amino_acids_to_bottle_targets_24_gen_3_tan_sample_1_n_samples_1000_rules_JN3604IMT_rules_carbonyl_free,3,True,CSCCC(N)C(=O)O,CC(C)(CO)C(=O)O,Ca93a2b94e7952edfbf8d84ed5639552cb3f1f0bf,Ta44a84be6f833fe631009a55d05e4807de958fe0
183,tryptophan,dipropyl,amino_acids_to_bottle_targets_24_gen_3_tan_sample_1_n_samples_1000_rules_JN3604IMT_rules_carbonyl_free,3,True,NC(Cc1c[nH]c2ccccc12)C(=O)O,CCCC(O)(CCC)C(=O)O,C74926ad4fc893fa7aacbb6f409fdf72fdc1c2c35,T6a58e311af73ef9829b52bf0ce73be12a42805d9
184,methionine,dipropyl,amino_acids_to_bottle_targets_24_gen_3_tan_sample_1_n_samples_1000_rules_JN3604IMT_rules_carbonyl_free,3,True,CSCCC(N)C(=O)O,CCCC(O)(CCC)C(=O)O,Ca93a2b94e7952edfbf8d84ed5639552cb3f1f0bf,T6a58e311af73ef9829b52bf0ce73be12a42805d9
185,phenylalanine,methyl_butane_diol,amino_acids_to_bottle_targets_24_gen_3_tan_sample_1_n_samples_1000_rules_JN3604IMT_rules_carbonyl_free,3,True,NC(Cc1ccccc1)C(=O)O,CC(O)C(C)(C)O,Ce05fd0830701afff578b3a5ce1dff5ed8005993a,T0f5655c6e1c28d7fd45b11b1375f029fb926af29
186,phenylalanine,pivalic_acid,amino_acids_to_bottle_targets_24_gen_3_tan_sample_1_n_samples_1000_rules_JN3604IMT_rules_carbonyl_free,3,True,NC(Cc1ccccc1)C(=O)O,CC(C)(CO)C(=O)O,Ce05fd0830701afff578b3a5ce1dff5ed8005993a,Ta44a84be6f833fe631009a55d05e4807de958fe0
187,phenylalanine,gem_dimethyl,amino_acids_to_bottle_targets_24_gen_3_tan_sample_1_n_samples_1000_rules_JN3604IMT_rules_carbonyl_free,3,True,NC(Cc1ccccc1)C(=O)O,CC(O)C(C)(C)C(=O)O,Ce05fd0830701afff578b3a5ce1dff5ed8005993a,Tc2274a1b151121868789bd03eb37b9c4065ef3d1
188,phenylalanine,dipropyl,amino_acids_to_bottle_targets_24_gen_3_tan_sample_1_n_samples_1000_rules_JN3604IMT_rules_carbonyl_free,3,True,NC(Cc1ccccc1)C(=O)O,CCCC(O)(CCC)C(=O)O,Ce05fd0830701afff578b3a5ce1dff5ed8005993a,T6a58e311af73ef9829b52bf0ce73be12a42805d9
189,isoleucine,methyl_butane_diol,amino_acids_to_bottle_targets_24_gen_3_tan_sample_1_n_samples_1000_rules_JN3604IMT_rules_carbonyl_free,3,True,CCC(C)C(N)C(=O)O,CC(O)C(C)(C)O,C0b1a113de475b725c076698562e4e7b571a039a2,T0f5655c6e1c28d7fd45b11b1375f029fb926af29
190,isoleucine,pivalic_acid,amino_acids_to_bottle_targets_24_gen_3_tan_sample_1_n_samples_1000_rules_JN3604IMT_rules_carbonyl_free,3,True,CCC(C)C(N)C(=O)O,CC(C)(CO)C(=O)O,C0b1a113de475b725c076698562e4e7b571a039a2,Ta44a84be6f833fe631009a55d05e4807de958fe0
191,isoleucine,gem_dimethyl,amino_acids_to_bottle_targets_24_gen_3_tan_sample_1_n_samples_1000_rules_JN3604IMT_rules_carbonyl_free,3,True,CCC(C)C(N)C(=O)O,CC(O)C(C)(C)C(=O)O,C0b1a113de475b725c076698562e4e7b571a039a2,Tc2274a1b151121868789bd03eb37b9c4065ef3d1
192,isoleucine,dipropyl,amino_acids_to_bottle_targets_24_gen_3_tan_sample_1_n_samples_1000_rules_JN3604IMT_rules_carbonyl_free,3,True,CCC(C)C(N)C(=O)O,CCCC(O)(CCC)C(=O)O,C0b1a113de475b725c076698562e4e7b571a039a2,T6a58e311af73ef9829b52bf0ce73be12a42805d9
193,alanine,methyl_butane_diol,amino_acids_to_bottle_targets_24_gen_3_tan_sample_1_n_samples_1000_rules_JN3604IMT_rules_carbonyl_free,3,True,CC(N)C(=O)O,CC(O)C(C)(C)O,C24f799b65f77e5bef0585b5d5138bb22868a8c16,T0f5655c6e1c28d7fd45b11b1375f029fb926af29
194,alanine,pivalic_acid,amino_acids_to_bottle_targets_24_gen_3_tan_sample_1_n_samples_1000_rules_JN3604IMT_rules_carbonyl_free,3,True,CC(N)C(=O)O,CC(C)(CO)C(=O)O,C24f799b65f77e5bef0585b5d5138bb22868a8c16,Ta44a84be6f833fe631009a55d05e4807de958fe0
195,alanine,gem_dimethyl,amino_acids_to_bottle_targets_24_gen_3_tan_sample_1_n_samples_1000_rules_JN3604IMT_rules_carbonyl_free,3,True,CC(N)C(=O)O,CC(O)C(C)(C)C(=O)O,C24f799b65f77e5bef0585b5d5138bb22868a8c16,Tc2274a1b151121868789bd03eb37b9c4065ef3d1
196,alanine,dipropyl,amino_acids_to_bottle_targets_24_gen_3_tan_sample_1_n_samples_1000_rules_JN3604IMT_rules_carbonyl_free,3,True,CC(N)C(=O)O,CCCC(O)(CCC)C(=O)O,C24f799b65f77e5bef0585b5d5138bb22868a8c16,T6a58e311af73ef9829b52bf0ce73be12a42805d9
197,tyrosine,methyl_butane_diol,amino_acids_to_bottle_targets_24_gen_3_tan_sample_1_n_samples_1000_rules_JN3604IMT_rules_carbonyl_free,3,True,NC(Cc1ccc(O)cc1)C(=O)O,CC(O)C(C)(C)O,C0f0bc81b021350db6512f6d1aa2885d2cbaea229,T0f5655c6e1c28d7fd45b11b1375f029fb926af29
198,tyrosine,pivalic_acid,amino_acids_to_bottle_targets_24_gen_3_tan_sample_1_n_samples_1000_rules_JN3604IMT_rules_carbonyl_free,3,True,NC(Cc1ccc(O)cc1)C(=O)O,CC(C)(CO)C(=O)O,C0f0bc81b021350db6512f6d1aa2885d2cbaea229,Ta44a84be6f833fe631009a55d05e4807de958fe0
199,tyrosine,gem_dimethyl,amino_acids_to_bottle_targets_24_gen_3_tan_sample_1_n_samples_1000_rules_JN3604IMT_rules_carbonyl_free,3,True,NC(Cc1ccc(O)cc1)C(=O)O,CC(O)C(C)(C)C(=O)O,C0f0bc81b021350db6512f6d1aa2885d2cbaea229,Tc2274a1b151121868789bd03eb37b9c4065ef3d1
200,tyrosine,dipropyl,amino_acids_to_bottle_targets_24_gen_3_tan_sample_1_n_samples_1000_rules_JN3604IMT_rules_carbonyl_free,3,True,NC(Cc1ccc(O)cc1)C(=O)O,CCCC(O)(CCC)C(=O)O,C0f0bc81b021350db6512f6d1aa2885d2cbaea229,T6a58e311af73ef9829b52bf0ce73be12a42805d9
201,glutamine,methyl_butane_diol,amino_acids_to_bottle_targets_24_gen_3_tan_sample_1_n_samples_1000_rules_JN3604IMT_rules_carbonyl_free,3,True,NC(=O)CCC(N)C(=O)O,CC(O)C(C)(C)O,C65d64c67d323a06f303bafc48646dd8cc2aca598,T0f5655c6e1c28d7fd45b11b1375f029fb926af29
202,glutamine,pivalic_acid,amino_acids_to_bottle_targets_24_gen_3_tan_sample_1_n_samples_1000_rules_JN3604IMT_rules_carbonyl_free,3,True,NC(=O)CCC(N)C(=O)O,CC(C)(CO)C(=O)O,C65d64c67d323a06f303bafc48646dd8cc2aca598,Ta44a84be6f833fe631009a55d05e4807de958fe0
203,histidine,gem_dimethyl,amino_acids_to_bottle_targets_24_gen_3_tan_sample_1_n_samples_1000_rules_JN3604IMT_rules_carbonyl_free,3,True,NC(Cc1c[nH]cn1)C(=O)O,CC(O)C(C)(C)C(=O)O,C0ea9546187e45fbb47e0466c75193007351c34db,Tc2274a1b151121868789bd03eb37b9c4065ef3d1
204,histidine,pivalic_acid,amino_acids_to_bottle_targets_24_gen_3_tan_sample_1_n_samples_1000_rules_JN3604IMT_rules_carbonyl_free,3,True,NC(Cc1c[nH]cn1)C(=O)O,CC(C)(CO)C(=O)O,C0ea9546187e45fbb47e0466c75193007351c34db,Ta44a84be6f833fe631009a55d05e4807de958fe0
205,methionine,gem_dimethyl,amino_acids_to_bottle_targets_24_gen_3_tan_sample_1_n_samples_1000_rules_JN3604IMT_rules_carbonyl_free,3,True,CSCCC(N)C(=O)O,CC(O)C(C)(C)C(=O)O,Ca93a2b94e7952edfbf8d84ed5639552cb3f1f0bf,Tc2274a1b151121868789bd03eb37b9c4065ef3d1
206,threonine,dipropyl,amino_acids_to_bottle_targets_24_gen_3_tan_sample_1_n_samples_1000_rules_JN3604IMT_rules_carbonyl_free,3,True,CC(O)C(N)C(=O)O,CCCC(O)(CCC)C(=O)O,Cecbcb1901469fadc256252b4ed3f627ae859e156,T6a58e311af73ef9829b52bf0ce73be12a42805d9
207,arganine,pivalic_acid,amino_acids_to_bottle_targets_24_gen_3_tan_sample_1_n_samples_1000_rules_JN3604IMT_rules_carbonyl_free,3,True,NC(N)=NCCCC(N)C(=O)O,CC(C)(CO)C(=O)O,Cbf56a9b3278f03e28b7f543d3a085d30c2ec9cb9,Ta44a84be6f833fe631009a55d05e4807de958fe0
208,arganine,gem_dimethyl,amino_acids_to_bottle_targets_24_gen_3_tan_sample_1_n_samples_1000_rules_JN3604IMT_rules_carbonyl_free,3,True,NC(N)=NCCCC(N)C(=O)O,CC(O)C(C)(C)C(=O)O,Cbf56a9b3278f03e28b7f543d3a085d30c2ec9cb9,Tc2274a1b151121868789bd03eb37b9c4065ef3d1
209,arganine,dipropyl,amino_acids_to_bottle_targets_24_gen_3_tan_sample_1_n_samples_1000_rules_JN3604IMT_rules_carbonyl_free,3,True,NC(N)=NCCCC(N)C(=O)O,CCCC(O)(CCC)C(=O)O,Cbf56a9b3278f03e28b7f543d3a085d30c2ec9cb9,T6a58e311af73ef9829b52bf0ce73be12a42805d9
210,aspartic_acid,methyl_butane_diol,amino_acids_to_bottle_targets_24_gen_3_tan_sample_1_n_samples_1000_rules_JN3604IMT_rules_carbonyl_free,3,True,NC(CC(=O)O)C(=O)O,CC(O)C(C)(C)O,Ca1d054c7d7e3878e86b47d369fade7983641c7f9,T0f5655c6e1c28d7fd45b11b1375f029fb926af29
211,aspartic_acid,pivalic_acid,amino_acids_to_bottle_targets_24_gen_3_tan_sample_1_n_samples_1000_rules_JN3604IMT_rules_carbonyl_free,3,True,NC(CC(=O)O)C(=O)O,CC(C)(CO)C(=O)O,Ca1d054c7d7e3878e86b47d369fade7983641c7f9,Ta44a84be6f833fe631009a55d05e4807de958fe0
212,aspartic_acid,gem_dimethyl,amino_acids_to_bottle_targets_24_gen_3_tan_sample_1_n_samples_1000_rules_JN3604IMT_rules_carbonyl_free,3,True,NC(CC(=O)O)C(=O)O,CC(O)C(C)(C)C(=O)O,Ca1d054c7d7e3878e86b47d369fade7983641c7f9,Tc2274a1b151121868789bd03eb37b9c4065ef3d1
213,aspartic_acid,dipropyl,amino_acids_to_bottle_targets_24_gen_3_tan_sample_1_n_samples_1000_rules_JN3604IMT_rules_carbonyl_free,3,True,NC(CC(=O)O)C(=O)O,CCCC(O)(CCC)C(=O)O,Ca1d054c7d7e3878e86b47d369fade7983641c7f9,T6a58e311af73ef9829b52bf0ce73be12a42805d9
214,histidine,methyl_butane_diol,amino_acids_to_bottle_targets_24_gen_3_tan_sample_1_n_samples_1000_rules_JN3604IMT_rules_carbonyl_free,3,True,NC(Cc1c[nH]cn1)C(=O)O,CC(O)C(C)(C)O,C0ea9546187e45fbb47e0466c75193007351c34db,T0f5655c6e1c28d7fd45b11b1375f029fb926af29
215,leucine,pivalic_acid,amino_acids_to_bottle_targets_24_gen_3_tan_sample_1_n_samples_1000_rules_JN3604IMT_rules_carbonyl_free,3,True,CC(C)CC(N)C(=O)O,CC(C)(CO)C(=O)O,C956d002473b19ff7a4720e3c0795066ec6ed8a4e,Ta44a84be6f833fe631009a55d05e4807de958fe0
216,leucine,gem_dimethyl,amino_acids_to_bottle_targets_24_gen_3_tan_sample_1_n_samples_1000_rules_JN3604IMT_rules_carbonyl_free,3,True,CC(C)CC(N)C(=O)O,CC(O)C(C)(C)C(=O)O,C956d002473b19ff7a4720e3c0795066ec6ed8a4e,Tc2274a1b151121868789bd03eb37b9c4065ef3d1
217,leucine,dipropyl,amino_acids_to_bottle_targets_24_gen_3_tan_sample_1_n_samples_1000_rules_JN3604IMT_rules_carbonyl_free,3,True,CC(C)CC(N)C(=O)O,CCCC(O)(CCC)C(=O)O,C956d002473b19ff7a4720e3c0795066ec6ed8a4e,T6a58e311af73ef9829b52bf0ce73be12a42805d9
218,asparagine,methyl_butane_diol,amino_acids_to_bottle_targets_24_gen_3_tan_sample_1_n_samples_1000_rules_JN3604IMT_rules_carbonyl_free,3,True,NC(=O)CC(N)C(=O)O,CC(O)C(C)(C)O,C4d9cf891ab210715f541dea6745e33e3035be0e8,T0f5655c6e1c28d7fd45b11b1375f029fb926af29
219,leucine,methyl_butane_diol,amino_acids_to_bottle_targets_24_gen_3_tan_sample_1_n_samples_1000_rules_JN3604IMT_rules_carbonyl_free,3,True,CC(C)CC(N)C(=O)O,CC(O)C(C)(C)O,C956d002473b19ff7a4720e3c0795066ec6ed8a4e,T0f5655c6e1c28d7fd45b11b1375f029fb926af29
220,threonine,gem_dimethyl,amino_acids_to_bottle_targets_24_gen_3_tan_sample_1_n_samples_1000_rules_JN3604IMT_rules_carbonyl_free,3,True,CC(O)C(N)C(=O)O,CC(O)C(C)(C)C(=O)O,Cecbcb1901469fadc256252b4ed3f627ae859e156,Tc2274a1b151121868789bd03eb37b9c4065ef3d1
221,asparagine,gem_dimethyl,amino_acids_to_bottle_targets_24_gen_3_tan_sample_1_n_samples_1000_rules_JN3604IMT_rules_carbonyl_free,3,True,NC(=O)CC(N)C(=O)O,CC(O)C(C)(C)C(=O)O,C4d9cf891ab210715f541dea6745e33e3035be0e8,Tc2274a1b151121868789bd03eb37b9c4065ef3d1
222,threonine,pivalic_acid,amino_acids_to_bottle_targets_24_gen_3_tan_sample_1_n_samples_1000_rules_JN3604IMT_rules_carbonyl_free,3,True,CC(O)C(N)C(=O)O,CC(C)(CO)C(=O)O,Cecbcb1901469fadc256252b4ed3f627ae859e156,Ta44a84be6f833fe631009a55d05e4807de958fe0
223,asparagine,dipropyl,amino_acids_to_bottle_targets_24_gen_3_tan_sample_1_n_samples_1000_rules_JN3604IMT_rules_carbonyl_free,3,True,NC(=O)CC(N)C(=O)O,CCCC(O)(CCC)C(=O)O,C4d9cf891ab210715f541dea6745e33e3035be0e8,T6a58e311af73ef9829b52bf0ce73be12a42805d9
224,threonine,methyl_butane_diol,amino_acids_to_bottle_targets_24_gen_3_tan_sample_1_n_samples_1000_rules_JN3604IMT_rules_carbonyl_free,3,True,CC(O)C(N)C(=O)O,CC(O)C(C)(C)O,Cecbcb1901469fadc256252b4ed3f627ae859e156,T0f5655c6e1c28d7fd45b11b1375f029fb926af29
225,glysine,dipropyl,amino_acids_to_bottle_targets_24_gen_3_tan_sample_1_n_samples_1000_rules_JN3604IMT_rules_carbonyl_free,3,True,NCC(=O)O,CCCC(O)(CCC)C(=O)O,C8302328f8b370d8cde446ba182c879b9a9d28b76,T6a58e311af73ef9829b52bf0ce73be12a42805d9
226,glysine,gem_dimethyl,amino_acids_to_bottle_targets_24_gen_3_tan_sample_1_n_samples_1000_rules_JN3604IMT_rules_carbonyl_free,3,True,NCC(=O)O,CC(O)C(C)(C)C(=O)O,C8302328f8b370d8cde446ba182c879b9a9d28b76,Tc2274a1b151121868789bd03eb37b9c4065ef3d1
227,glysine,pivalic_acid,amino_acids_to_bottle_targets_24_gen_3_tan_sample_1_n_samples_1000_rules_JN3604IMT_rules_carbonyl_free,3,True,NCC(=O)O,CC(C)(CO)C(=O)O,C8302328f8b370d8cde446ba182c879b9a9d28b76,Ta44a84be6f833fe631009a55d05e4807de958fe0
228,glysine,methyl_butane_diol,amino_acids_to_bottle_targets_24_gen_3_tan_sample_1_n_samples_1000_rules_JN3604IMT_rules_carbonyl_free,3,True,NCC(=O)O,CC(O)C(C)(C)O,C8302328f8b370d8cde446ba182c879b9a9d28b76,T0f5655c6e1c28d7fd45b11b1375f029fb926af29
229,asparagine,pivalic_acid,amino_acids_to_bottle_targets_24_gen_3_tan_sample_1_n_samples_1000_rules_JN3604IMT_rules_carbonyl_free,3,True,NC(=O)CC(N)C(=O)O,CC(C)(CO)C(=O)O,C4d9cf891ab210715f541dea6745e33e3035be0e8,Ta44a84be6f833fe631009a55d05e4807de958fe0
230,succinate,4-methylene-l-glutarate,ccm_v0_to_methylene_molecules_gen_4_tan_sample_1_n_samples_1000,4,True,O=C(O)CCC(=O)O,C=C(CC(N)C(=O)O)C(=O)O,C4fe83a533b208e245e45b74e0967d7b8e9aad361,T3a5b833f1a5abe2063ff8b22706fabb74097bead
231,pyruvate,4-methylene-l-glutarate,ccm_v0_to_methylene_molecules_gen_4_tan_sample_1_n_samples_1000,4,True,CC(=O)C(=O)O,C=C(CC(N)C(=O)O)C(=O)O,Cf7e036e330ad26caa66bb458faad18fa684af921,T3a5b833f1a5abe2063ff8b22706fabb74097bead
232,oxaloacetate,4-methylene-l-glutarate,ccm_v0_to_methylene_molecules_gen_4_tan_sample_1_n_samples_1000,4,True,O=C(O)CC(=O)C(=O)O,C=C(CC(N)C(=O)O)C(=O)O,C086e98dbf2ac460c91ac1a991badef07eb497a72,T3a5b833f1a5abe2063ff8b22706fabb74097bead
233,fumarate,4-methylene-l-glutarate,ccm_v0_to_methylene_molecules_gen_4_tan_sample_1_n_samples_1000,4,True,O=C(O)C=CC(=O)O,C=C(CC(N)C(=O)O)C(=O)O,Cd2c8451fbe5563b9a086b59c26af17772205613a,T3a5b833f1a5abe2063ff8b22706fabb74097bead
234,citrate,2-methyleneglutarate,ccm_v0_to_methylene_molecules_gen_4_tan_sample_1_n_samples_1000,4,True,O=C(O)CC(O)(CC(=O)O)C(=O)O,C=C(CCC(=O)O)C(=O)O,C7846bd0a566d52f5c266777c7322ec392a887a5d,Tec77ea281f69ca989bbef0a4c7794128a196c716
235,citrate,4-methylene-l-glutarate,ccm_v0_to_methylene_molecules_gen_4_tan_sample_1_n_samples_1000,4,True,O=C(O)CC(O)(CC(=O)O)C(=O)O,C=C(CC(N)C(=O)O)C(=O)O,C7846bd0a566d52f5c266777c7322ec392a887a5d,T3a5b833f1a5abe2063ff8b22706fabb74097bead
236,acetate,2-methyleneglutarate,ccm_v0_to_methylene_molecules_gen_4_tan_sample_1_n_samples_1000,4,True,CC(=O)O,C=C(CCC(=O)O)C(=O)O,C69bd7ab90d3f972909c038af169917ec6eb194ea,Tec77ea281f69ca989bbef0a4c7794128a196c716
237,acetate,4-methylene-l-glutarate,ccm_v0_to_methylene_molecules_gen_4_tan_sample_1_n_samples_1000,4,True,CC(=O)O,C=C(CC(N)C(=O)O)C(=O)O,C69bd7ab90d3f972909c038af169917ec6eb194ea,T3a5b833f1a5abe2063ff8b22706fabb74097bead
238,malate,2-methyleneglutarate,ccm_v0_to_methylene_molecules_gen_4_tan_sample_1_n_samples_1000,4,True,O=C(O)CC(O)C(=O)O,C=C(CCC(=O)O)C(=O)O,Cc522b49cc542f782eb7779a6c90ac1a255334bfa,Tec77ea281f69ca989bbef0a4c7794128a196c716
239,malate,4-methylene-l-glutarate,ccm_v0_to_methylene_molecules_gen_4_tan_sample_1_n_samples_1000,4,True,O=C(O)CC(O)C(=O)O,C=C(CC(N)C(=O)O)C(=O)O,Cc522b49cc542f782eb7779a6c90ac1a255334bfa,T3a5b833f1a5abe2063ff8b22706fabb74097bead
240,fumarate,2-methyleneglutarate,ccm_v0_to_methylene_molecules_gen_4_tan_sample_1_n_samples_1000,4,True,O=C(O)C=CC(=O)O,C=C(CCC(=O)O)C(=O)O,Cd2c8451fbe5563b9a086b59c26af17772205613a,Tec77ea281f69ca989bbef0a4c7794128a196c716
241,succinate,2-methyleneglutarate,ccm_v0_to_methylene_molecules_gen_4_tan_sample_1_n_samples_1000,4,True,O=C(O)CCC(=O)O,C=C(CCC(=O)O)C(=O)O,C4fe83a533b208e245e45b74e0967d7b8e9aad361,Tec77ea281f69ca989bbef0a4c7794128a196c716
242,pyruvate,2-methyleneglutarate,ccm_v0_to_methylene_molecules_gen_4_tan_sample_1_n_samples_1000,4,True,CC(=O)C(=O)O,C=C(CCC(=O)O)C(=O)O,Cf7e036e330ad26caa66bb458faad18fa684af921,Tec77ea281f69ca989bbef0a4c7794128a196c716
243,oxaloacetate,2-methyleneglutarate,ccm_v0_to_methylene_molecules_gen_4_tan_sample_1_n_samples_1000,4,True,O=C(O)CC(=O)C(=O)O,C=C(CCC(=O)O)C(=O)O,C086e98dbf2ac460c91ac1a991badef07eb497a72,Tec77ea281f69ca989bbef0a4c7794128a196c716
244,"3-Hydroxy-2,2-dimethylpropanoic acid(3HPA)","3-Hydroxy-2,2-dimethylbutanoic acid(DMHB)",3HPA_to_DMHB_gen_4_tan_sample_0_n_samples_1000,4,True,CC(C)(CO)C(=O)O,CC(O)C(C)(C)C(=O)O,Ca44a84be6f833fe631009a55d05e4807de958fe0,Tc2274a1b151121868789bd03eb37b9c4065ef3d1
245,2-methyleneglutarate,mvacid,methylene_molecules_to_mvacid_gen_4_tan_sample_1_n_samples_1000,4,True,C=C(CCC(=O)O)C(=O)O,C=C(CCCO)C(=O)O,Cec77ea281f69ca989bbef0a4c7794128a196c716,T6ec1611229ff4fc7a19244967c7716266fc021a1
246,pyruvate,mvacid,ccm_v0_to_mvacid_gen_4_tan_sample_1_n_samples_1000,4,True,CC(=O)C(=O)O,C=C(CCCO)C(=O)O,Cf7e036e330ad26caa66bb458faad18fa684af921,T6ec1611229ff4fc7a19244967c7716266fc021a1
247,fumarate,mvacid,ccm_v0_to_mvacid_gen_4_tan_sample_1_n_samples_1000,4,True,O=C(O)C=CC(=O)O,C=C(CCCO)C(=O)O,Cd2c8451fbe5563b9a086b59c26af17772205613a,T6ec1611229ff4fc7a19244967c7716266fc021a1
248,malate,mvacid,ccm_v0_to_mvacid_gen_4_tan_sample_1_n_samples_1000,4,True,O=C(O)CC(O)C(=O)O,C=C(CCCO)C(=O)O,Cc522b49cc542f782eb7779a6c90ac1a255334bfa,T6ec1611229ff4fc7a19244967c7716266fc021a1
249,acetate,mvacid,ccm_v0_to_mvacid_gen_4_tan_sample_1_n_samples_1000,4,True,CC(=O)O,C=C(CCCO)C(=O)O,C69bd7ab90d3f972909c038af169917ec6eb194ea,T6ec1611229ff4fc7a19244967c7716266fc021a1
250,citrate,mvacid,ccm_v0_to_mvacid_gen_4_tan_sample_1_n_samples_1000,4,True,O=C(O)CC(O)(CC(=O)O)C(=O)O,C=C(CCCO)C(=O)O,C7846bd0a566d52f5c266777c7322ec392a887a5d,T6ec1611229ff4fc7a19244967c7716266fc021a1
251,oxaloacetate,mvacid,ccm_v0_to_mvacid_gen_4_tan_sample_1_n_samples_1000,4,True,O=C(O)CC(=O)C(=O)O,C=C(CCCO)C(=O)O,C086e98dbf2ac460c91ac1a991badef07eb497a72,T6ec1611229ff4fc7a19244967c7716266fc021a1
252,succinate,mvacid,ccm_v0_to_mvacid_gen_4_tan_sample_1_n_samples_1000,4,True,O=C(O)CCC(=O)O,C=C(CCCO)C(=O)O,C4fe83a533b208e245e45b74e0967d7b8e9aad361,T6ec1611229ff4fc7a19244967c7716266fc021a1
253,"2,2-dimethyl-butyric acid(DMB)","3-Hydroxy-2,2-dimethylbutanoic acid(DMHB)",DMB_to_DMHB_gen_4_tan_sample_0_n_samples_1000,4,True,CCC(C)(C)C(=O)O,CC(O)C(C)(C)C(=O)O,Cce065e1e7b273fd0df7f455452f948b30517b232,Tc2274a1b151121868789bd03eb37b9c4065ef3d1
254,4-methylene-l-glutarate,mvacid,methylene_molecules_to_mvacid_gen_4_tan_sample_1_n_samples_1000,4,True,C=C(CC(N)C(=O)O)C(=O)O,C=C(CCCO)C(=O)O,C3a5b833f1a5abe2063ff8b22706fabb74097bead,T6ec1611229ff4fc7a19244967c7716266fc021a1
255,"2,2-dimethyl-butyric acid(DMB)","3-Hydroxy-2,2-dimethylpropanoic acid(3HPA)",DMB_to_3HPA_gen_4_tan_sample_0_n_samples_1000,4,True,CCC(C)(C)C(=O)O,CC(C)(CO)C(=O)O,Cce065e1e7b273fd0df7f455452f948b30517b232,Ta44a84be6f833fe631009a55d05e4807de958fe0
256,fumarate,hopa,ccm_v0_to_hopa_gen_4_tan_sample_1_n_samples_1000,4,True,O=C(O)C=CC(=O)O,O=C(O)C(=O)CCCO,Cd2c8451fbe5563b9a086b59c26af17772205613a,Tcfd59a5a3ad7c94a82bd1166ab840bbd3845b24a
257,malate,hopa,ccm_v0_to_hopa_gen_4_tan_sample_1_n_samples_1000,4,True,O=C(O)CC(O)C(=O)O,O=C(O)C(=O)CCCO,Cc522b49cc542f782eb7779a6c90ac1a255334bfa,Tcfd59a5a3ad7c94a82bd1166ab840bbd3845b24a
258,acetate,hopa,ccm_v0_to_hopa_gen_4_tan_sample_1_n_samples_1000,4,True,CC(=O)O,O=C(O)C(=O)CCCO,C69bd7ab90d3f972909c038af169917ec6eb194ea,Tcfd59a5a3ad7c94a82bd1166ab840bbd3845b24a
259,citrate,hopa,ccm_v0_to_hopa_gen_4_tan_sample_1_n_samples_1000,4,True,O=C(O)CC(O)(CC(=O)O)C(=O)O,O=C(O)C(=O)CCCO,C7846bd0a566d52f5c266777c7322ec392a887a5d,Tcfd59a5a3ad7c94a82bd1166ab840bbd3845b24a
260,oxaloacetate,hopa,ccm_v0_to_hopa_gen_4_tan_sample_1_n_samples_1000,4,True,O=C(O)CC(=O)C(=O)O,O=C(O)C(=O)CCCO,C086e98dbf2ac460c91ac1a991badef07eb497a72,Tcfd59a5a3ad7c94a82bd1166ab840bbd3845b24a
261,succinate,hopa,ccm_v0_to_hopa_gen_4_tan_sample_1_n_samples_1000,4,True,O=C(O)CCC(=O)O,O=C(O)C(=O)CCCO,C4fe83a533b208e245e45b74e0967d7b8e9aad361,Tcfd59a5a3ad7c94a82bd1166ab840bbd3845b24a
262,pyruvate,"3-Hydroxy-2,2-dimethylpropanoic acid(3HPA)",Pyruvate_to_3HPA_gen_4_tan_sample_0_n_samples_1000,4,True,CC(=O)C(=O)O,CC(C)(CO)C(=O)O,Cf7e036e330ad26caa66bb458faad18fa684af921,Ta44a84be6f833fe631009a55d05e4807de958fe0
263,pyruvate,hopa,ccm_v0_to_hopa_gen_4_tan_sample_1_n_samples_1000,4,True,CC(=O)C(=O)O,O=C(O)C(=O)CCCO,Cf7e036e330ad26caa66bb458faad18fa684af921,Tcfd59a5a3ad7c94a82bd1166ab840bbd3845b24a
264,"2,2-dimethyl-butyric acid(DMB)","3-Hydroxy-2,2-dimethylbutanoic acid(DMHB)",DMB_to_DMHB_gen_5_tan_sample_0_n_samples_1000,5,False,CCC(C)(C)C(=O)O,CC(O)C(C)(C)C(=O)O,Cce065e1e7b273fd0df7f455452f948b30517b232,Tc2274a1b151121868789bd03eb37b9c4065ef3d1
265,"3-Hydroxy-2,2-dimethylpropanoic acid(3HPA)","3-Hydroxy-2,2-dimethylbutanoic acid(DMHB)",3HPA_to_DMHB_gen_5_tan_sample_0_n_samples_1000,5,False,CC(C)(CO)C(=O)O,CC(O)C(C)(C)C(=O)O,Ca44a84be6f833fe631009a55d05e4807de958fe0,Tc2274a1b151121868789bd03eb37b9c4065ef3d1
266,"2,2-dimethyl-butyric acid(DMB)","3-Hydroxy-2,2-dimethylpropanoic acid(3HPA)",DMB_to_3HPA_gen_5_tan_sample_0_n_samples_1000,5,False,CCC(C)(C)C(=O)O,CC(C)(CO)C(=O)O,Cce065e1e7b273fd0df7f455452f948b30517b232,Ta44a84be6f833fe631009a55d05e4807de958fe0
267,pyruvate,"3-Hydroxy-2,2-dimethylpropanoic acid(3HPA)",Pyruvate_to_3HPA_gen_5_tan_sample_0_n_samples_1000,5,False,CC(=O)C(=O)O,CC(C)(CO)C(=O)O,Cf7e036e330ad26caa66bb458faad18fa684af921,Ta44a84be6f833fe631009a55d05e4807de958fe0
